case,c_ns,rust_ns,percent_of_c,percent_min,percent_max,compressed_bytes,passes,previous_percent
cold/q0/text-1KiB,1675,1655,101.2,101.2,101.2,229,True,99.0
cold/q0/text-1MiB,91084,91240,99.8,99.8,99.8,27963,True,99.0
cold/q0/binary-256KiB,309973,378453,81.9,81.9,81.9,142114,False,80.3
cold/q0/compressible-256KiB,39582,38699,102.3,102.3,102.3,220,True,90.1
cold/q0/incompressible-256KiB,17997,20256,88.8,88.8,88.8,262149,False,84.4
cold/q0/vendor-alice29.txt,359610,384861,93.4,93.4,93.4,65795,False,101.5
cold/q0/vendor-lcet10.txt,990545,1028085,96.3,96.3,96.3,173662,True,98.1
cold/q0/vendor-plrabn12.txt,1353152,1420947,95.2,95.2,95.2,235170,True,98.8
cold/q0/vendor-mapsdatazrh,458625,412017,111.3,111.3,111.3,187191,True,107.0
cold/q0/vendor-random_org_10k.bin,7467,8807,84.8,84.8,84.8,10004,False,83.2
cold/q0/vendor-quickfox_repeated,18100,19216,94.2,94.2,94.2,203,False,94.3
reused/q0/text-1KiB,1642,1550,106.0,106.0,106.0,229,True,99.9
reused/q0/text-1MiB,93631,91530,102.3,102.3,102.3,27963,True,109.5
reused/q0/binary-256KiB,305632,361592,84.5,84.5,84.5,142114,False,78.0
reused/q0/compressible-256KiB,39237,38405,102.2,102.2,102.2,220,True,87.7
reused/q0/incompressible-256KiB,18120,20160,89.9,89.9,89.9,262149,False,81.7
reused/q0/vendor-alice29.txt,360160,380860,94.6,94.6,94.6,65795,False,101.7
reused/q0/vendor-lcet10.txt,988629,1022262,96.7,96.7,96.7,173662,True,100.7
reused/q0/vendor-plrabn12.txt,1389792,1450023,95.8,95.8,95.8,235170,True,103.3
reused/q0/vendor-mapsdatazrh,462302,414252,111.6,111.6,111.6,187191,True,106.0
reused/q0/vendor-random_org_10k.bin,7917,8678,91.2,91.2,91.2,10004,False,85.1
reused/q0/vendor-quickfox_repeated,18612,19571,95.1,95.1,95.1,203,True,93.6
presized/q0/text-1KiB,1723,1554,110.9,110.9,110.9,229,True,100.9
presized/q0/text-1MiB,92556,89124,103.9,103.9,103.9,27963,True,122.4
presized/q0/binary-256KiB,301738,349237,86.4,86.4,86.4,142114,False,82.3
presized/q0/compressible-256KiB,40016,37998,105.3,105.3,105.3,220,True,90.4
presized/q0/incompressible-256KiB,18166,20245,89.7,89.7,89.7,262149,False,79.4
presized/q0/vendor-alice29.txt,358334,347109,103.2,103.2,103.2,65795,True,99.9
presized/q0/vendor-lcet10.txt,990468,912643,108.5,108.5,108.5,173662,True,102.7
presized/q0/vendor-plrabn12.txt,1364188,1280269,106.6,106.6,106.6,235170,True,105.1
presized/q0/vendor-mapsdatazrh,461032,398347,115.7,115.7,115.7,187191,True,109.5
presized/q0/vendor-random_org_10k.bin,7577,8764,86.4,86.4,86.4,10004,False,83.2
presized/q0/vendor-quickfox_repeated,18468,19282,95.8,95.8,95.8,203,True,93.4
tiny/q0/16,794,824,96.3,96.3,96.3,20,True,93.4
tiny-reused/q0/16,759,666,113.9,113.9,113.9,20,True,107.6
tiny/q0/64,994,980,101.5,101.5,101.5,68,True,94.6
tiny-reused/q0/64,929,834,111.4,111.4,111.4,68,True,102.8
tiny/q0/256,1405,1395,100.7,100.7,100.7,207,True,90.8
tiny-reused/q0/256,1364,1250,109.1,109.1,109.1,207,True,101.5
tiny/q0/1024,1728,1706,101.3,101.3,101.3,229,True,92.1
tiny-reused/q0/1024,1714,1515,113.2,113.2,113.2,229,True,101.3
cold/q1/text-1KiB,2373,2520,94.2,94.2,94.2,176,False,95.7
cold/q1/text-1MiB,173072,152908,113.2,113.2,113.2,10001,True,121.2
cold/q1/binary-256KiB,627520,527178,119.0,119.0,119.0,118708,True,106.3
cold/q1/compressible-256KiB,16875,13845,121.9,121.9,121.9,57,True,99.3
cold/q1/incompressible-256KiB,25235,25641,98.4,98.4,98.4,262149,True,90.6
cold/q1/vendor-alice29.txt,495923,502339,98.7,98.7,98.7,60292,True,95.2
cold/q1/vendor-lcet10.txt,1316472,1369688,96.1,96.1,96.1,154908,True,93.0
cold/q1/vendor-plrabn12.txt,1781961,1844032,96.6,96.6,96.6,206088,True,94.3
cold/q1/vendor-mapsdatazrh,633090,645562,98.1,98.1,98.1,181028,True,91.1
cold/q1/vendor-random_org_10k.bin,21672,15829,136.9,136.9,136.9,10004,True,144.2
cold/q1/vendor-quickfox_repeated,13615,12932,105.3,105.3,105.3,89,True,109.5
reused/q1/text-1KiB,2329,2288,101.8,101.8,101.8,176,True,97.6
reused/q1/text-1MiB,169441,151644,111.7,111.7,111.7,10001,True,178.5
reused/q1/binary-256KiB,630204,520598,121.1,121.1,121.1,118708,True,109.2
reused/q1/compressible-256KiB,18599,13914,133.7,133.7,133.7,57,True,95.2
reused/q1/incompressible-256KiB,25933,25846,100.3,100.3,100.3,262149,True,91.3
reused/q1/vendor-alice29.txt,481669,496610,97.0,97.0,97.0,60292,True,88.9
reused/q1/vendor-lcet10.txt,1319445,1341353,98.4,98.4,98.4,154908,True,93.7
reused/q1/vendor-plrabn12.txt,1824468,1955919,93.3,93.3,93.3,206088,False,91.5
reused/q1/vendor-mapsdatazrh,647258,649790,99.6,99.6,99.6,181028,True,93.8
reused/q1/vendor-random_org_10k.bin,21798,15735,138.5,138.5,138.5,10004,True,141.0
reused/q1/vendor-quickfox_repeated,13540,12739,106.3,106.3,106.3,89,True,114.6
presized/q1/text-1KiB,2378,2322,102.4,102.4,102.4,176,True,98.2
presized/q1/text-1MiB,170824,150423,113.6,113.6,113.6,10001,True,179.4
presized/q1/binary-256KiB,622745,521955,119.3,119.3,119.3,118708,True,105.7
presized/q1/compressible-256KiB,18395,13745,133.8,133.8,133.8,57,True,99.5
presized/q1/incompressible-256KiB,25342,26789,94.6,94.6,94.6,262149,False,87.4
presized/q1/vendor-alice29.txt,481730,507024,95.0,95.0,95.0,60292,True,89.2
presized/q1/vendor-lcet10.txt,1302537,1330180,97.9,97.9,97.9,154908,True,96.0
presized/q1/vendor-plrabn12.txt,1806464,1895484,95.3,95.3,95.3,206088,True,93.4
presized/q1/vendor-mapsdatazrh,637079,628325,101.4,101.4,101.4,181028,True,98.3
presized/q1/vendor-random_org_10k.bin,21661,15017,144.2,144.2,144.2,10004,True,136.3
presized/q1/vendor-quickfox_repeated,13567,12724,106.6,106.6,106.6,89,True,107.6
tiny/q1/16,1496,1625,92.1,92.1,92.1,20,False,95.4
tiny-reused/q1/16,1447,1465,98.8,98.8,98.8,20,True,106.2
tiny/q1/64,1714,1886,90.9,90.9,90.9,68,False,91.4
tiny-reused/q1/64,1639,1680,97.6,97.6,97.6,68,True,105.1
tiny/q1/256,2148,2339,91.8,91.8,91.8,163,False,93.8
tiny-reused/q1/256,2142,2193,97.7,97.7,97.7,163,True,98.8
tiny/q1/1024,2378,2526,94.1,94.1,94.1,176,False,92.7
tiny-reused/q1/1024,2340,2295,102.0,102.0,102.0,176,True,100.5
cold/q2/text-1KiB,2218,3282,67.6,67.6,67.6,174,False,71.5
cold/q2/text-1MiB,647908,680574,95.2,95.2,95.2,8176,True,92.7
cold/q2/binary-256KiB,900289,998248,90.2,90.2,90.2,99597,False,92.7
cold/q2/compressible-256KiB,108041,20691,522.2,522.2,522.2,28,True,522.2
cold/q2/incompressible-256KiB,113091,100797,112.2,112.2,112.2,262149,True,115.3
cold/q2/vendor-alice29.txt,886113,972380,91.1,91.1,91.1,57383,False,94.1
cold/q2/vendor-lcet10.txt,2385318,2597160,91.8,91.8,91.8,148449,False,95.6
cold/q2/vendor-plrabn12.txt,3105219,3360024,92.4,92.4,92.4,198935,False,91.8
cold/q2/vendor-mapsdatazrh,1207915,1295139,93.3,93.3,93.3,177027,False,94.3
cold/q2/vendor-random_org_10k.bin,27126,26915,100.8,100.8,100.8,10004,True,100.0
cold/q2/vendor-quickfox_repeated,73290,15087,485.8,485.8,485.8,65,True,482.1
reused/q2/text-1KiB,2439,2150,113.5,113.5,113.5,174,True,95.4
reused/q2/text-1MiB,661848,616676,107.3,107.3,107.3,8176,True,100.8
reused/q2/binary-256KiB,893772,991804,90.1,90.1,90.1,99597,False,96.8
reused/q2/compressible-256KiB,109043,13933,782.6,782.6,782.6,28,True,809.8
reused/q2/incompressible-256KiB,111346,97032,114.8,114.8,114.8,262149,True,119.2
reused/q2/vendor-alice29.txt,912824,976982,93.4,93.4,93.4,57383,False,95.4
reused/q2/vendor-lcet10.txt,2409239,2593088,92.9,92.9,92.9,148449,False,92.6
reused/q2/vendor-plrabn12.txt,3206060,3392702,94.5,94.5,94.5,198935,False,96.1
reused/q2/vendor-mapsdatazrh,1200675,1319350,91.0,91.0,91.0,177027,False,94.9
reused/q2/vendor-random_org_10k.bin,27429,26915,101.9,101.9,101.9,10004,True,105.2
reused/q2/vendor-quickfox_repeated,72748,10135,717.8,717.8,717.8,65,True,699.3
presized/q2/text-1KiB,2203,2128,103.5,103.5,103.5,174,True,89.7
presized/q2/text-1MiB,650996,637647,102.1,102.1,102.1,8176,True,97.6
presized/q2/binary-256KiB,917649,994421,92.3,92.3,92.3,99597,False,96.5
presized/q2/compressible-256KiB,108849,14007,777.1,777.1,777.1,28,True,785.8
presized/q2/incompressible-256KiB,124618,89866,138.7,138.7,138.7,262149,True,91.7
presized/q2/vendor-alice29.txt,903152,1010449,89.4,89.4,89.4,57383,False,94.2
presized/q2/vendor-lcet10.txt,2407203,2582864,93.2,93.2,93.2,148449,False,96.2
presized/q2/vendor-plrabn12.txt,3172314,3409976,93.0,93.0,93.0,198935,False,94.9
presized/q2/vendor-mapsdatazrh,1213287,1302015,93.2,93.2,93.2,177027,False,95.7
presized/q2/vendor-random_org_10k.bin,27463,26263,104.6,104.6,104.6,10004,True,104.8
presized/q2/vendor-quickfox_repeated,72320,9992,723.8,723.8,723.8,65,True,721.3
tiny/q2/16,801,964,83.0,83.0,83.0,20,False,81.3
tiny-reused/q2/16,775,641,120.9,120.9,120.9,20,True,115.7
tiny/q2/64,1038,1316,78.9,78.9,78.9,68,False,79.7
tiny-reused/q2/64,1028,973,105.7,105.7,105.7,68,True,106.0
tiny/q2/256,1557,2126,73.2,73.2,73.2,160,False,71.1
tiny-reused/q2/256,1553,1481,104.9,104.9,104.9,160,True,103.7
tiny/q2/1024,2210,3268,67.6,67.6,67.6,174,False,63.1
tiny-reused/q2/1024,2164,2141,101.0,101.0,101.0,174,True,94.2
cold/q3/text-1KiB,5794,7086,81.8,81.8,81.8,157,False,78.8
cold/q3/text-1MiB,763294,884112,86.3,86.3,86.3,8222,False,86.0
cold/q3/binary-256KiB,1322853,1435160,92.2,92.2,92.2,99347,False,94.0
cold/q3/compressible-256KiB,111859,24936,448.6,448.6,448.6,19,True,445.1
cold/q3/incompressible-256KiB,119940,140920,85.1,85.1,85.1,262149,False,95.8
cold/q3/vendor-alice29.txt,1073243,1107032,96.9,96.9,96.9,56863,True,95.2
cold/q3/vendor-lcet10.txt,2823594,2922449,96.6,96.6,96.6,146522,True,95.6
cold/q3/vendor-plrabn12.txt,3700297,3857668,95.9,95.9,95.9,198153,True,98.8
cold/q3/vendor-mapsdatazrh,1515429,1590349,95.3,95.3,95.3,175749,True,94.6
cold/q3/vendor-random_org_10k.bin,30265,31074,97.4,97.4,97.4,10004,True,102.5
cold/q3/vendor-quickfox_repeated,73599,16176,455.0,455.0,455.0,48,True,448.6
reused/q3/text-1KiB,5698,5766,98.8,98.8,98.8,157,True,101.2
reused/q3/text-1MiB,748865,805331,93.0,93.0,93.0,8222,False,91.7
reused/q3/binary-256KiB,1351355,1452979,93.0,93.0,93.0,99347,False,91.3
reused/q3/compressible-256KiB,111089,16953,655.3,655.3,655.3,19,True,665.6
reused/q3/incompressible-256KiB,132391,141321,93.7,93.7,93.7,262149,False,94.6
reused/q3/vendor-alice29.txt,1071471,1120303,95.6,95.6,95.6,56863,True,98.0
reused/q3/vendor-lcet10.txt,2849928,2910573,97.9,97.9,97.9,146522,True,99.2
reused/q3/vendor-plrabn12.txt,3732024,3894112,95.8,95.8,95.8,198153,True,99.9
reused/q3/vendor-mapsdatazrh,1494959,1592415,93.9,93.9,93.9,175749,False,98.0
reused/q3/vendor-random_org_10k.bin,30818,29768,103.5,103.5,103.5,10004,True,108.4
reused/q3/vendor-quickfox_repeated,73238,11042,663.3,663.3,663.3,48,True,647.9
presized/q3/text-1KiB,5856,5864,99.9,99.9,99.9,157,True,96.1
presized/q3/text-1MiB,748340,829925,90.2,90.2,90.2,8222,False,92.6
presized/q3/binary-256KiB,1346981,1427434,94.4,94.4,94.4,99347,False,93.5
presized/q3/compressible-256KiB,113243,17019,665.4,665.4,665.4,19,True,648.7
presized/q3/incompressible-256KiB,134405,143401,93.7,93.7,93.7,262149,False,86.3
presized/q3/vendor-alice29.txt,1073932,1125892,95.4,95.4,95.4,56863,True,98.9
presized/q3/vendor-lcet10.txt,2813728,2879028,97.7,97.7,97.7,146522,True,97.3
presized/q3/vendor-plrabn12.txt,3774070,3834200,98.4,98.4,98.4,198153,True,96.7
presized/q3/vendor-mapsdatazrh,1501708,1627329,92.3,92.3,92.3,175749,False,96.4
presized/q3/vendor-random_org_10k.bin,30541,30179,101.2,101.2,101.2,10004,True,107.6
presized/q3/vendor-quickfox_repeated,73108,10858,673.3,673.3,673.3,48,True,647.8
tiny/q3/16,1588,2007,79.1,79.1,79.1,20,False,78.7
tiny-reused/q3/16,1552,1478,105.0,105.0,105.0,20,True,99.5
tiny/q3/64,2004,2552,78.5,78.5,78.5,57,False,76.2
tiny-reused/q3/64,1996,1944,102.7,102.7,102.7,57,True,98.9
tiny/q3/256,4342,5213,83.3,83.3,83.3,140,False,82.9
tiny-reused/q3/256,4242,4279,99.1,99.1,99.1,140,True,94.1
tiny/q3/1024,5966,7182,83.1,83.1,83.1,157,False,79.8
tiny-reused/q3/1024,5754,5802,99.2,99.2,99.2,157,True,96.4
cold/q4/text-1KiB,9260,10546,87.8,87.8,87.8,157,False,84.8
cold/q4/text-1MiB,1015026,1084535,93.6,93.6,93.6,7647,False,174.0
cold/q4/binary-256KiB,2236323,2289763,97.7,97.7,97.7,96205,True,101.3
cold/q4/compressible-256KiB,98787,31138,317.3,317.3,317.3,19,True,293.1
cold/q4/incompressible-256KiB,157495,167659,93.9,93.9,93.9,262149,False,87.9
cold/q4/vendor-alice29.txt,1578527,1639080,96.3,96.3,96.3,55504,True,97.6
cold/q4/vendor-lcet10.txt,3894745,4167782,93.4,93.4,93.4,141896,False,98.3
cold/q4/vendor-plrabn12.txt,5286504,5401483,97.9,97.9,97.9,193873,True,96.3
cold/q4/vendor-mapsdatazrh,2036201,1998436,101.9,101.9,101.9,172868,True,102.2
cold/q4/vendor-random_org_10k.bin,44810,52763,84.9,84.9,84.9,10004,False,90.8
cold/q4/vendor-quickfox_repeated,60511,26160,231.3,231.3,231.3,52,True,230.8
reused/q4/text-1KiB,8881,9308,95.4,95.4,95.4,157,True,95.1
reused/q4/text-1MiB,986593,1041230,94.8,94.8,94.8,7647,False,90.4
reused/q4/binary-256KiB,2253367,2305402,97.7,97.7,97.7,96205,True,103.1
reused/q4/compressible-256KiB,97116,23026,421.8,421.8,421.8,19,True,432.0
reused/q4/incompressible-256KiB,157888,158091,99.9,99.9,99.9,262149,True,93.3
reused/q4/vendor-alice29.txt,1569267,1631172,96.2,96.2,96.2,55504,True,97.7
reused/q4/vendor-lcet10.txt,3925558,4179463,93.9,93.9,93.9,141896,False,95.7
reused/q4/vendor-plrabn12.txt,5200037,5433048,95.7,95.7,95.7,193873,True,97.5
reused/q4/vendor-mapsdatazrh,2039354,1951628,104.5,104.5,104.5,172868,True,102.8
reused/q4/vendor-random_org_10k.bin,45312,50916,89.0,89.0,89.0,10004,False,89.3
reused/q4/vendor-quickfox_repeated,60260,18523,325.3,325.3,325.3,52,True,331.1
presized/q4/text-1KiB,8950,9637,92.9,92.9,92.9,157,False,94.4
presized/q4/text-1MiB,1018871,1021967,99.7,99.7,99.7,7647,True,95.3
presized/q4/binary-256KiB,2299868,2287172,100.6,100.6,100.6,96205,True,102.2
presized/q4/compressible-256KiB,98646,23316,423.1,423.1,423.1,19,True,429.4
presized/q4/incompressible-256KiB,159352,162880,97.8,97.8,97.8,262149,True,96.6
presized/q4/vendor-alice29.txt,1588790,1639066,96.9,96.9,96.9,55504,True,97.2
presized/q4/vendor-lcet10.txt,3951977,4112852,96.1,96.1,96.1,141896,True,98.3
presized/q4/vendor-plrabn12.txt,5296140,5454703,97.1,97.1,97.1,193873,True,99.6
presized/q4/vendor-mapsdatazrh,1997988,2002650,99.8,99.8,99.8,172868,True,103.6
presized/q4/vendor-random_org_10k.bin,49321,50984,96.7,96.7,96.7,10004,True,86.8
presized/q4/vendor-quickfox_repeated,60379,18084,333.9,333.9,333.9,52,True,328.3
tiny/q4/16,2600,2975,87.4,87.4,87.4,20,False,82.0
tiny-reused/q4/16,2579,2321,111.1,111.1,111.1,20,True,108.2
tiny/q4/64,4643,5293,87.7,87.7,87.7,54,False,84.5
tiny-reused/q4/64,4647,4335,107.2,107.2,107.2,54,True,97.2
tiny/q4/256,7543,8731,86.4,86.4,86.4,142,False,84.5
tiny-reused/q4/256,7390,7709,95.9,95.9,95.9,142,True,94.3
tiny/q4/1024,8938,10789,82.8,82.8,82.8,157,False,79.5
tiny-reused/q4/1024,9003,9332,96.5,96.5,96.5,157,True,93.3
cold/q5/text-1KiB,9927,11759,84.4,84.4,84.4,146,False,73.9
cold/q5/text-1MiB,2940196,2997163,98.1,98.1,98.1,8254,True,98.8
cold/q5/binary-256KiB,2667487,3073517,86.8,86.8,86.8,94650,False,83.8
cold/q5/compressible-256KiB,105718,61104,173.0,173.0,173.0,19,True,157.9
cold/q5/incompressible-256KiB,411077,404568,101.6,101.6,101.6,262149,True,110.6
cold/q5/vendor-alice29.txt,2283974,2473288,92.3,92.3,92.3,52809,False,82.4
cold/q5/vendor-lcet10.txt,5880134,6668646,88.2,88.2,88.2,133991,False,84.6
cold/q5/vendor-plrabn12.txt,8239223,8841187,93.2,93.2,93.2,186038,False,81.9
cold/q5/vendor-mapsdatazrh,2906397,3144756,92.4,92.4,92.4,167912,False,91.6
cold/q5/vendor-random_org_10k.bin,44787,55178,81.2,81.2,81.2,10004,False,85.3
cold/q5/vendor-quickfox_repeated,64535,47384,136.2,136.2,136.2,51,True,126.6
reused/q5/text-1KiB,9898,10750,92.1,92.1,92.1,146,False,79.5
reused/q5/text-1MiB,2421499,2455000,98.6,98.6,98.6,8254,True,97.4
reused/q5/binary-256KiB,2643516,2977626,88.8,88.8,88.8,94650,False,84.1
reused/q5/compressible-256KiB,103786,27728,374.3,374.3,374.3,19,True,363.5
reused/q5/incompressible-256KiB,279118,255500,109.2,109.2,109.2,262149,True,104.8
reused/q5/vendor-alice29.txt,2258506,2484285,90.9,90.9,90.9,52809,False,83.5
reused/q5/vendor-lcet10.txt,6007463,6453027,93.1,93.1,93.1,133991,False,87.2
reused/q5/vendor-plrabn12.txt,7930804,8701524,91.1,91.1,91.1,186038,False,87.2
reused/q5/vendor-mapsdatazrh,2816885,2966768,94.9,94.9,94.9,167912,False,93.4
reused/q5/vendor-random_org_10k.bin,44721,50105,89.3,89.3,89.3,10004,False,92.4
reused/q5/vendor-quickfox_repeated,62890,17829,352.7,352.7,352.7,51,True,354.0
presized/q5/text-1KiB,9582,10953,87.5,87.5,87.5,146,False,79.0
presized/q5/text-1MiB,2440379,2807594,86.9,86.9,86.9,8254,False,105.1
presized/q5/binary-256KiB,2655886,2987396,88.9,88.9,88.9,94650,False,83.4
presized/q5/compressible-256KiB,103155,27378,376.8,376.8,376.8,19,True,364.1
presized/q5/incompressible-256KiB,403323,297023,135.8,135.8,135.8,262149,True,106.5
presized/q5/vendor-alice29.txt,2314150,2403918,96.3,96.3,96.3,52809,True,86.4
presized/q5/vendor-lcet10.txt,5920224,6447463,91.8,91.8,91.8,133991,False,85.6
presized/q5/vendor-plrabn12.txt,8100354,8736405,92.7,92.7,92.7,186038,False,86.1
presized/q5/vendor-mapsdatazrh,2985384,3062105,97.5,97.5,97.5,167912,True,91.6
presized/q5/vendor-random_org_10k.bin,47503,55449,85.7,85.7,85.7,10004,False,89.8
presized/q5/vendor-quickfox_repeated,63934,17964,355.9,355.9,355.9,51,True,345.6
tiny/q5/16,2781,2935,94.8,94.8,94.8,20,False,88.2
tiny-reused/q5/16,2735,2332,117.3,117.3,117.3,20,True,108.2
tiny/q5/64,5494,5530,99.4,99.4,99.4,58,True,89.1
tiny-reused/q5/64,5329,4931,108.1,108.1,108.1,58,True,98.8
tiny/q5/256,8191,9176,89.3,89.3,89.3,131,False,88.2
tiny-reused/q5/256,8018,8411,95.3,95.3,95.3,131,True,96.2
tiny/q5/1024,9722,11567,84.0,84.0,84.0,146,False,73.4
tiny-reused/q5/1024,9585,10716,89.4,89.4,89.4,146,False,82.3
cold/q6/text-1KiB,10363,11808,87.8,87.8,87.8,146,False,72.8
cold/q6/text-1MiB,3496868,3581444,97.6,97.6,97.6,8254,True,97.0
cold/q6/binary-256KiB,3177710,3778604,84.1,84.1,84.1,94648,False,84.8
cold/q6/compressible-256KiB,102820,97314,105.7,105.7,105.7,19,True,110.8
cold/q6/incompressible-256KiB,361347,354516,101.9,101.9,101.9,262149,True,62.3
cold/q6/vendor-alice29.txt,2486536,2881326,86.3,86.3,86.3,51967,False,86.3
cold/q6/vendor-lcet10.txt,6862033,7737247,88.7,88.7,88.7,131169,False,83.2
cold/q6/vendor-plrabn12.txt,9505120,10562991,90.0,90.0,90.0,182408,False,87.1
cold/q6/vendor-mapsdatazrh,3110048,3400159,91.5,91.5,91.5,167828,False,87.3
cold/q6/vendor-random_org_10k.bin,49329,56345,87.5,87.5,87.5,10004,False,86.3
cold/q6/vendor-quickfox_repeated,64610,78808,82.0,82.0,82.0,51,False,78.1
reused/q6/text-1KiB,10282,10777,95.4,95.4,95.4,146,True,81.6
reused/q6/text-1MiB,3004344,3019149,99.5,99.5,99.5,8254,True,154.2
reused/q6/binary-256KiB,3197188,3748707,85.3,85.3,85.3,94648,False,86.2
reused/q6/compressible-256KiB,103692,27574,376.0,376.0,376.0,19,True,363.5
reused/q6/incompressible-256KiB,338388,294689,114.8,114.8,114.8,262149,True,99.7
reused/q6/vendor-alice29.txt,2598833,2800460,92.8,92.8,92.8,51967,False,88.4
reused/q6/vendor-lcet10.txt,6913877,7694590,89.9,89.9,89.9,131169,False,86.2
reused/q6/vendor-plrabn12.txt,9317975,10668788,87.3,87.3,87.3,182408,False,86.0
reused/q6/vendor-mapsdatazrh,3105609,3310346,93.8,93.8,93.8,167828,False,95.1
reused/q6/vendor-random_org_10k.bin,45271,50081,90.4,90.4,90.4,10004,False,87.8
reused/q6/vendor-quickfox_repeated,64335,17675,364.0,364.0,364.0,51,True,348.5
presized/q6/text-1KiB,9821,10698,91.8,91.8,91.8,146,False,77.3
presized/q6/text-1MiB,2923458,3495961,83.6,83.6,83.6,8254,False,98.9
presized/q6/binary-256KiB,3211041,3685648,87.1,87.1,87.1,94648,False,85.4
presized/q6/compressible-256KiB,104812,28051,373.7,373.7,373.7,19,True,364.2
presized/q6/incompressible-256KiB,407966,296656,137.5,137.5,137.5,262149,True,121.4
presized/q6/vendor-alice29.txt,2569082,2783234,92.3,92.3,92.3,51967,False,89.1
presized/q6/vendor-lcet10.txt,6905137,7634869,90.4,90.4,90.4,131169,False,86.9
presized/q6/vendor-plrabn12.txt,9400260,10375625,90.6,90.6,90.6,182408,False,88.5
presized/q6/vendor-mapsdatazrh,3096662,3296510,93.9,93.9,93.9,167828,False,94.5
presized/q6/vendor-random_org_10k.bin,45043,56594,79.6,79.6,79.6,10004,False,91.8
presized/q6/vendor-quickfox_repeated,64550,17456,369.8,369.8,369.8,51,True,345.4
tiny/q6/16,2751,2969,92.7,92.7,92.7,20,False,88.5
tiny-reused/q6/16,2752,2337,117.7,117.7,117.7,20,True,110.5
tiny/q6/64,5437,5579,97.4,97.4,97.4,58,True,91.3
tiny-reused/q6/64,5359,4891,109.6,109.6,109.6,58,True,97.2
tiny/q6/256,8217,9023,91.1,91.1,91.1,131,False,87.8
tiny-reused/q6/256,8306,8228,100.9,100.9,100.9,131,True,97.0
tiny/q6/1024,9962,11727,84.9,84.9,84.9,146,False,75.0
tiny-reused/q6/1024,10220,10843,94.3,94.3,94.3,146,False,82.9
cold/q7/text-1KiB,10677,12458,85.7,83.9,85.7,146,False,75.8
cold/q7/text-1MiB,3123996,3244009,96.3,96.3,107.1,7586,True,123.4
cold/q7/binary-256KiB,5433433,6926948,78.4,77.0,78.4,94208,False,100.3
cold/q7/compressible-256KiB,105430,46258,227.9,227.9,232.3,19,True,329.3
cold/q7/incompressible-256KiB,762328,730017,104.4,79.3,104.4,262149,True,276.5
cold/q7/vendor-alice29.txt,3118050,4002268,77.9,77.9,78.0,51451,False,117.3
cold/q7/vendor-lcet10.txt,8942151,11176595,80.0,78.6,80.0,129087,False,96.4
cold/q7/vendor-plrabn12.txt,12523521,15168683,82.6,82.3,82.6,179659,False,96.6
cold/q7/vendor-mapsdatazrh,4776468,6144697,77.7,77.7,79.3,167591,False,107.6
cold/q7/vendor-random_org_10k.bin,47854,61392,77.9,77.9,79.4,10004,False,83.0
cold/q7/vendor-quickfox_repeated,63505,28688,221.4,219.7,221.4,51,True,397.9
reused/q7/text-1KiB,10114,11376,88.9,88.9,89.4,146,False,77.1
reused/q7/text-1MiB,2793342,2440758,114.4,102.9,114.4,7586,True,134.4
reused/q7/binary-256KiB,5611129,5724893,98.0,98.0,98.6,94208,True,108.2
reused/q7/compressible-256KiB,104311,28215,369.7,369.7,373.2,19,True,449.2
reused/q7/incompressible-256KiB,746050,793458,94.0,94.0,104.1,262149,False,274.4
reused/q7/vendor-alice29.txt,3094989,3329600,93.0,92.3,93.0,51451,False,126.7
reused/q7/vendor-lcet10.txt,8853554,9456988,93.6,93.4,93.6,129087,False,103.3
reused/q7/vendor-plrabn12.txt,13152203,13434924,97.9,94.5,97.9,179659,True,103.6
reused/q7/vendor-mapsdatazrh,4832755,4821103,100.2,100.2,101.2,167591,True,113.8
reused/q7/vendor-random_org_10k.bin,46990,57704,81.4,81.4,82.9,10004,False,95.5
reused/q7/vendor-quickfox_repeated,62530,18589,336.4,336.4,336.6,51,True,608.9
presized/q7/text-1KiB,10871,11408,95.3,94.0,95.3,146,True,78.2
presized/q7/text-1MiB,2395830,2684505,89.2,89.2,105.2,7586,False,134.9
presized/q7/binary-256KiB,5767216,5657923,101.9,97.6,101.9,94208,True,106.5
presized/q7/compressible-256KiB,104361,28112,371.2,371.2,376.0,19,True,450.2
presized/q7/incompressible-256KiB,593770,681502,87.1,87.1,113.7,262149,False,291.5
presized/q7/vendor-alice29.txt,3146828,3308504,95.1,94.8,95.1,51451,True,123.1
presized/q7/vendor-lcet10.txt,8793856,9536997,92.2,91.7,92.2,129087,False,105.0
presized/q7/vendor-plrabn12.txt,12433825,13145595,94.6,94.6,94.7,179659,False,104.4
presized/q7/vendor-mapsdatazrh,4743866,4772137,99.4,98.2,99.4,167591,True,114.5
presized/q7/vendor-random_org_10k.bin,47472,56503,84.0,84.0,85.2,10004,False,87.3
presized/q7/vendor-quickfox_repeated,62095,17772,349.4,348.0,349.4,51,True,613.6
tiny/q7/16,2695,2923,92.2,91.2,92.2,20,False,87.6
tiny-reused/q7/16,2690,2387,112.7,111.3,112.7,20,True,108.5
tiny/q7/64,5200,5709,91.1,90.6,91.1,58,False,87.2
tiny-reused/q7/64,5098,5064,100.7,100.3,100.7,58,True,99.0
tiny/q7/256,8158,9532,85.6,85.6,86.0,131,False,83.6
tiny-reused/q7/256,8163,8723,93.6,92.9,93.6,131,False,91.3
tiny/q7/1024,10614,12168,87.2,84.9,87.2,146,False,71.8
tiny-reused/q7/1024,10567,11335,93.2,90.0,93.2,146,False,78.0
cold/q8/text-1KiB,11537,12220,94.4,92.8,94.4,146,False,71.5
cold/q8/text-1MiB,3164890,3410357,92.8,91.7,92.8,7586,False,87.6
cold/q8/binary-256KiB,7114334,8958685,79.4,77.8,79.4,94208,False,85.9
cold/q8/compressible-256KiB,104232,43752,238.2,237.6,238.2,19,True,233.1
cold/q8/incompressible-256KiB,703399,694221,101.3,85.2,101.3,262149,True,81.6
cold/q8/vendor-alice29.txt,3510392,4149565,84.6,84.6,85.2,51187,False,82.1
cold/q8/vendor-lcet10.txt,10463428,11925934,87.7,87.0,87.7,128078,False,86.4
cold/q8/vendor-plrabn12.txt,15195421,17119643,88.8,87.6,88.8,178163,False,91.7
cold/q8/vendor-mapsdatazrh,5232609,6297692,83.1,83.1,83.3,167602,False,87.6
cold/q8/vendor-random_org_10k.bin,49820,58741,84.8,84.8,84.9,10004,False,88.6
cold/q8/vendor-quickfox_repeated,61866,28879,214.2,214.2,216.1,51,True,212.1
reused/q8/text-1KiB,11218,11349,98.8,98.8,99.0,146,True,83.6
reused/q8/text-1MiB,3282088,3625581,90.5,90.5,101.6,7586,False,94.0
reused/q8/binary-256KiB,7663885,7661110,100.0,97.0,100.0,94208,True,87.6
reused/q8/compressible-256KiB,104096,27990,371.9,371.9,372.7,19,True,312.1
reused/q8/incompressible-256KiB,662146,672868,98.4,98.4,114.3,262149,True,90.9
reused/q8/vendor-alice29.txt,3470011,3918784,88.5,87.7,88.5,51187,False,91.0
reused/q8/vendor-lcet10.txt,10483111,11143050,94.1,93.8,94.1,128078,False,94.0
reused/q8/vendor-plrabn12.txt,14883600,16000263,93.0,92.8,93.0,178163,False,95.4
reused/q8/vendor-mapsdatazrh,5368292,5418169,99.1,99.1,99.3,167602,True,90.0
reused/q8/vendor-random_org_10k.bin,51164,52311,97.8,97.6,97.8,10004,True,94.4
reused/q8/vendor-quickfox_repeated,62065,17674,351.2,351.2,352.6,51,True,344.1
presized/q8/text-1KiB,11160,11315,98.6,95.0,98.6,146,True,80.1
presized/q8/text-1MiB,3827998,3593437,106.5,94.4,106.5,7586,True,94.7
presized/q8/binary-256KiB,7050905,7640548,92.3,92.3,93.3,94208,False,87.8
presized/q8/compressible-256KiB,104344,28011,372.5,371.5,372.5,19,True,306.6
presized/q8/incompressible-256KiB,732438,761716,96.2,96.2,106.6,262149,True,79.4
presized/q8/vendor-alice29.txt,3570505,3889767,91.8,89.9,91.8,51187,False,92.3
presized/q8/vendor-lcet10.txt,10448208,11152946,93.7,92.9,93.7,128078,False,93.5
presized/q8/vendor-plrabn12.txt,14926384,15954161,93.6,93.4,93.6,178163,False,93.7
presized/q8/vendor-mapsdatazrh,5429177,5384028,100.8,100.8,101.0,167602,True,92.5
presized/q8/vendor-random_org_10k.bin,52557,55226,95.2,93.4,95.2,10004,True,94.5
presized/q8/vendor-quickfox_repeated,63064,17701,356.3,356.3,359.9,51,True,339.5
tiny/q8/16,2726,2969,91.8,91.8,92.9,20,False,86.8
tiny-reused/q8/16,2786,2404,115.9,109.8,115.9,20,True,111.4
tiny/q8/64,5287,5778,91.5,91.5,93.7,58,False,88.0
tiny-reused/q8/64,5295,5067,104.5,102.1,104.5,58,True,97.9
tiny/q8/256,8452,9522,88.8,86.0,88.8,131,False,84.3
tiny-reused/q8/256,8261,8757,94.3,94.3,94.4,131,False,92.7
tiny/q8/1024,11963,12227,97.8,89.5,97.8,146,True,74.0
tiny-reused/q8/1024,11563,11256,102.7,100.4,102.7,146,True,78.4
cold/q9/text-1KiB,12355,12721,97.1,96.7,97.1,146,True,859.2
cold/q9/text-1MiB,4261416,4394328,97.0,95.6,97.0,7542,True,254.8
cold/q9/binary-256KiB,11611970,12999904,89.3,88.6,89.3,94116,False,111.6
cold/q9/compressible-256KiB,39283,48505,81.0,81.0,81.2,19,False,91.9
cold/q9/incompressible-256KiB,992162,927465,107.0,104.4,107.0,262149,True,906.5
cold/q9/vendor-alice29.txt,4293199,5209924,82.4,81.7,82.4,51054,False,222.6
cold/q9/vendor-lcet10.txt,12685735,15536647,81.7,81.7,83.3,127437,False,140.7
cold/q9/vendor-plrabn12.txt,18719300,22033323,85.0,84.9,85.0,177362,False,134.3
cold/q9/vendor-mapsdatazrh,8455968,9393520,90.0,90.0,92.3,166978,False,111.8
cold/q9/vendor-random_org_10k.bin,79966,69683,114.8,107.6,114.8,10004,True,3094.5
cold/q9/vendor-quickfox_repeated,25380,31412,80.8,75.5,80.8,51,False,206.1
reused/q9/text-1KiB,12429,11898,104.5,104.5,104.6,146,True,869.5
reused/q9/text-1MiB,4195612,4146926,101.2,101.2,102.3,7542,True,335.4
reused/q9/binary-256KiB,11850440,12326154,96.1,95.9,96.1,94116,True,155.6
reused/q9/compressible-256KiB,38585,34917,110.5,110.5,113.6,19,True,128.1
reused/q9/incompressible-256KiB,962984,862556,111.6,111.0,111.6,262149,True,886.6
reused/q9/vendor-alice29.txt,4305959,4772285,90.2,90.2,90.6,51054,False,236.3
reused/q9/vendor-lcet10.txt,12998918,14268383,91.1,90.9,91.1,127437,False,148.0
reused/q9/vendor-plrabn12.txt,18760574,20548654,91.3,91.3,92.0,177362,False,132.2
reused/q9/vendor-mapsdatazrh,8419332,8258857,101.9,101.9,103.0,166978,True,192.4
reused/q9/vendor-random_org_10k.bin,77614,67639,114.7,110.2,114.7,10004,True,3318.7
reused/q9/vendor-quickfox_repeated,26252,19733,133.0,129.2,133.0,51,True,290.6
presized/q9/text-1KiB,12517,11889,105.3,105.3,106.3,146,True,884.4
presized/q9/text-1MiB,4168211,4531602,92.0,92.0,96.7,7542,False,320.5
presized/q9/binary-256KiB,12386322,12590028,98.4,97.3,98.4,94116,True,155.4
presized/q9/compressible-256KiB,38190,34308,111.3,110.6,111.3,19,True,128.0
presized/q9/incompressible-256KiB,952497,897155,106.2,106.2,108.5,262149,True,909.3
presized/q9/vendor-alice29.txt,4327386,4676898,92.5,92.5,93.6,51054,False,236.4
presized/q9/vendor-lcet10.txt,12741694,14104117,90.3,90.3,91.6,127437,False,149.4
presized/q9/vendor-plrabn12.txt,18558661,20266502,91.6,90.6,91.6,177362,False,131.1
presized/q9/vendor-mapsdatazrh,8478779,8062789,105.2,100.2,105.2,166978,True,190.9
presized/q9/vendor-random_org_10k.bin,78004,66799,116.8,109.4,116.8,10004,True,3358.4
presized/q9/vendor-quickfox_repeated,25226,19139,131.8,131.8,131.9,51,True,308.0
tiny/q9/16,2710,2945,92.0,92.0,92.0,20,False,628.3
tiny-reused/q9/16,2705,2395,112.9,112.2,112.9,20,True,725.4
tiny/q9/64,5314,5803,91.6,91.6,92.1,58,False,886.1
tiny-reused/q9/64,5255,5154,102.0,102.0,102.0,58,True,982.1
tiny/q9/256,8768,10019,87.5,87.1,87.5,131,False,1218.2
tiny-reused/q9/256,8795,9574,91.9,91.9,94.4,131,False,1368.9
tiny/q9/1024,12374,12744,97.1,95.8,97.1,146,True,832.3
tiny-reused/q9/1024,12120,11743,103.2,103.2,103.2,146,True,882.9
flush/q1/1,48148,48079,100.1,100.1,100.1,2674,True,323.4
flush/q1/4,59308,62010,95.6,95.6,95.6,3224,True,109.2
flush/q1/32,138719,139276,99.6,99.6,99.6,8560,True,92.4
flush/q1/256,840152,910910,92.2,92.2,92.2,46375,False,94.6
writer/q2/text-1MiB,667374,633997,105.3,105.3,105.3,8176,True,97.9
reader/q2/text-1MiB,658048,664398,99.0,99.0,99.0,8176,True,95.5
session/q2/text-1MiB,652383,622983,104.7,104.7,104.7,8176,True,100.4
writer/q2/binary-256KiB,910678,1009568,90.2,90.2,90.2,99597,False,92.5
reader/q2/binary-256KiB,930768,1009731,92.2,92.2,92.2,99597,False,95.3
session/q2/binary-256KiB,914596,1034611,88.4,88.4,88.4,99597,False,93.5
writer/q2/compressible-256KiB,110891,16683,664.7,664.7,664.7,28,True,670.8
reader/q2/compressible-256KiB,111367,22835,487.7,487.7,487.7,28,True,472.3
session/q2/compressible-256KiB,111238,15085,737.4,737.4,737.4,28,True,754.5
writer/q2/incompressible-256KiB,134465,121649,110.5,110.5,110.5,262149,True,105.3
reader/q2/incompressible-256KiB,135890,145350,93.5,93.5,93.5,262149,False,89.9
session/q2/incompressible-256KiB,133821,127877,104.6,104.6,104.6,262149,True,110.6
writer/q2/vendor-alice29.txt,923616,983896,93.9,93.9,93.9,57383,False,93.5
reader/q2/vendor-alice29.txt,894830,1001035,89.4,89.4,89.4,57383,False,91.2
session/q2/vendor-alice29.txt,913943,969872,94.2,94.2,94.2,57383,False,94.2
writer/q2/vendor-lcet10.txt,2397023,2600512,92.2,92.2,92.2,148449,False,94.1
reader/q2/vendor-lcet10.txt,2435012,2612103,93.2,93.2,93.2,148449,False,94.0
session/q2/vendor-lcet10.txt,2405615,2634479,91.3,91.3,91.3,148449,False,91.2
writer/q2/vendor-plrabn12.txt,3167597,3384690,93.6,93.6,93.6,198935,False,96.5
reader/q2/vendor-plrabn12.txt,3189127,3460112,92.2,92.2,92.2,198935,False,94.4
session/q2/vendor-plrabn12.txt,3209650,3374507,95.1,95.1,95.1,198935,True,96.2
writer/q2/vendor-mapsdatazrh,1218188,1319686,92.3,92.3,92.3,177027,False,95.4
reader/q2/vendor-mapsdatazrh,1214756,1303388,93.2,93.2,93.2,177027,False,95.0
session/q2/vendor-mapsdatazrh,1197005,1296448,92.3,92.3,92.3,177027,False,94.7
flush/q2/1,165964,158225,104.9,104.9,104.9,2362,True,98.9
flush/q2/4,166917,165239,101.0,101.0,101.0,2157,True,95.1
flush/q2/32,169504,172352,98.3,98.3,98.3,4662,True,97.3
flush/q2/256,204364,210752,97.0,97.0,97.0,9035,True,103.0
writer/q5/text-1MiB,2961559,2483019,119.3,119.3,119.3,8254,True,98.8
reader/q5/text-1MiB,2641928,2941328,89.8,89.8,89.8,8254,False,99.3
session/q5/text-1MiB,3031151,2662315,113.9,113.9,113.9,8254,True,101.2
writer/q5/binary-256KiB,2657634,3005387,88.4,88.4,88.4,94650,False,83.3
reader/q5/binary-256KiB,2696853,3042665,88.6,88.6,88.6,94650,False,83.7
session/q5/binary-256KiB,2719304,3069238,88.6,88.6,88.6,94650,False,83.3
writer/q5/compressible-256KiB,105822,32847,322.2,322.2,322.2,19,True,303.7
reader/q5/compressible-256KiB,107085,38892,275.3,275.3,275.3,19,True,253.2
session/q5/compressible-256KiB,105764,30430,347.6,347.6,347.6,19,True,331.7
writer/q5/incompressible-256KiB,287272,296869,96.8,96.8,96.8,262149,True,104.1
reader/q5/incompressible-256KiB,288639,303714,95.0,95.0,95.0,262149,True,65.6
session/q5/incompressible-256KiB,334720,275371,121.6,121.6,121.6,262149,True,112.4
writer/q5/vendor-alice29.txt,2279962,2435519,93.6,93.6,93.6,52809,False,88.5
reader/q5/vendor-alice29.txt,2272985,2505311,90.7,90.7,90.7,52809,False,85.9
session/q5/vendor-alice29.txt,2260387,2456986,92.0,92.0,92.0,52809,False,85.2
writer/q5/vendor-lcet10.txt,5976001,6413740,93.2,93.2,93.2,133991,False,86.7
reader/q5/vendor-lcet10.txt,6090432,6530613,93.3,93.3,93.3,133991,False,84.6
session/q5/vendor-lcet10.txt,6043753,6546291,92.3,92.3,92.3,133991,False,85.9
writer/q5/vendor-plrabn12.txt,7950069,8642168,92.0,92.0,92.0,186038,False,88.8
reader/q5/vendor-plrabn12.txt,7992467,8656367,92.3,92.3,92.3,186038,False,85.3
session/q5/vendor-plrabn12.txt,7974560,8727337,91.4,91.4,91.4,186038,False,86.8
writer/q5/vendor-mapsdatazrh,2878345,3055125,94.2,94.2,94.2,167912,False,90.8
reader/q5/vendor-mapsdatazrh,2850898,3079986,92.6,92.6,92.6,167912,False,90.8
session/q5/vendor-mapsdatazrh,2859255,3064439,93.3,93.3,93.3,167912,False,91.2
flush/q5/1,521397,519773,100.3,100.3,100.3,2353,True,67.3
flush/q5/4,524602,575118,91.2,91.2,91.2,2292,False,65.9
flush/q5/32,635771,623332,102.0,102.0,102.0,2390,True,70.2
flush/q5/256,1433635,1428435,100.4,100.4,100.4,5535,True,87.3
writer/q9/text-1MiB,3980603,4215141,94.4,93.5,94.4,7542,False,318.7
reader/q9/text-1MiB,3876293,4091728,94.7,94.7,95.2,7542,False,321.3
session/q9/text-1MiB,3789810,4071297,93.1,93.1,94.0,7542,False,243.8
writer/q9/binary-256KiB,11779505,12398936,95.0,94.3,95.0,94116,True,158.8
reader/q9/binary-256KiB,11754977,12420498,94.6,94.6,95.8,94116,False,160.1
session/q9/binary-256KiB,11778152,12307073,95.7,94.9,95.7,94116,True,154.1
writer/q9/compressible-256KiB,38881,38928,99.9,99.2,99.9,19,True,109.4
reader/q9/compressible-256KiB,39446,46118,85.5,85.5,85.5,19,False,96.7
session/q9/compressible-256KiB,39239,37808,103.8,102.9,103.8,19,True,111.3
writer/q9/incompressible-256KiB,943570,874306,107.9,107.1,107.9,262149,True,869.0
reader/q9/incompressible-256KiB,932150,902910,103.2,103.0,103.2,262149,True,850.8
session/q9/incompressible-256KiB,923389,893558,103.3,103.3,103.5,262149,True,894.2
writer/q9/vendor-alice29.txt,4302054,4633014,92.9,89.6,92.9,51054,False,234.9
reader/q9/vendor-alice29.txt,4364975,4695527,93.0,89.9,93.0,51054,False,236.0
session/q9/vendor-alice29.txt,4469384,4659289,95.9,92.9,95.9,51054,True,230.4
writer/q9/vendor-lcet10.txt,12919662,13970396,92.5,92.5,94.3,127437,False,148.3
reader/q9/vendor-lcet10.txt,12977347,13819629,93.9,93.3,93.9,127437,False,149.9
session/q9/vendor-lcet10.txt,12854387,13922706,92.3,92.3,93.0,127437,False,147.3
writer/q9/vendor-plrabn12.txt,19196019,20052818,95.7,92.1,95.7,177362,True,137.1
reader/q9/vendor-plrabn12.txt,18996222,20285579,93.6,92.8,93.6,177362,False,132.2
session/q9/vendor-plrabn12.txt,18668932,20341852,91.8,91.8,92.6,177362,False,132.2
writer/q9/vendor-mapsdatazrh,8461843,8111560,104.3,102.0,104.3,166978,True,183.5
reader/q9/vendor-mapsdatazrh,8359508,8276888,101.0,101.0,101.2,166978,True,184.5
session/q9/vendor-mapsdatazrh,8459327,8280573,102.2,101.7,102.2,166978,True,193.6
flush/q9/1,928092,748299,124.0,124.0,124.4,2187,True,267.9
flush/q9/4,947218,796284,119.0,119.0,122.8,2049,True,359.3
flush/q9/32,1103865,943514,117.0,115.3,117.0,2348,True,293.0
flush/q9/256,1969998,1808763,108.9,108.1,108.9,5510,True,187.7
cold/q10/text-1KiB,259335,263719,98.3,98.3,98.3,124,True,82.2
cold/q10/text-1MiB,97806954,105517526,92.7,92.7,92.7,5647,False,86.8
cold/q10/binary-256KiB,321274527,329685967,97.4,97.4,97.4,99708,True,86.3
cold/q10/compressible-256KiB,4632898,3133364,147.9,147.9,147.9,20,True,79.8
cold/q10/incompressible-256KiB,21093388,21985893,95.9,95.9,95.9,262149,True,88.9
cold/q10/vendor-alice29.txt,44518846,48049474,92.7,92.7,92.7,47477,False,91.3
cold/q10/vendor-lcet10.txt,144874084,156390619,92.6,92.6,92.6,116022,False,92.6
cold/q10/vendor-plrabn12.txt,161699801,174968413,92.4,92.4,92.4,168094,False,92.3
cold/q10/vendor-mapsdatazrh,125557513,131066830,95.8,95.8,95.8,160499,True,92.8
cold/q10/vendor-random_org_10k.bin,4763687,4854665,98.1,98.1,98.1,10004,True,86.3
cold/q10/vendor-quickfox_repeated,2587037,1976215,130.9,130.9,130.9,57,True,69.5
reused/q10/text-1KiB,260700,256376,101.7,101.7,101.7,124,True,99.7
reused/q10/text-1MiB,97099261,103705664,93.6,93.6,93.6,5647,False,90.0
reused/q10/binary-256KiB,322292968,331271063,97.3,97.3,97.3,99708,True,87.9
reused/q10/compressible-256KiB,4618172,3062105,150.8,150.8,150.8,20,True,111.7
reused/q10/incompressible-256KiB,21757908,22415115,97.1,97.1,97.1,262149,True,95.8
reused/q10/vendor-alice29.txt,46874538,50336740,93.1,93.1,93.1,47477,False,91.8
reused/q10/vendor-lcet10.txt,148099331,159024583,93.1,93.1,93.1,116022,False,94.5
reused/q10/vendor-plrabn12.txt,165053530,171965515,96.0,96.0,96.0,168094,True,93.5
reused/q10/vendor-mapsdatazrh,125144122,129867522,96.4,96.4,96.4,160499,True,96.0
reused/q10/vendor-random_org_10k.bin,4809363,4840077,99.4,99.4,99.4,10004,True,89.9
reused/q10/vendor-quickfox_repeated,2634121,1976179,133.3,133.3,133.3,57,True,76.6
presized/q10/text-1KiB,261396,263499,99.2,99.2,99.2,124,True,98.8
presized/q10/text-1MiB,99792395,106957951,93.3,93.3,93.3,5647,False,88.2
presized/q10/binary-256KiB,334467680,340891856,98.1,98.1,98.1,99708,True,86.8
presized/q10/compressible-256KiB,4754137,3142082,151.3,151.3,151.3,20,True,86.7
presized/q10/incompressible-256KiB,21018085,22040700,95.4,95.4,95.4,262149,True,89.6
presized/q10/vendor-alice29.txt,46067546,49725144,92.6,92.6,92.6,47477,False,93.0
presized/q10/vendor-lcet10.txt,147739573,154586089,95.6,95.6,95.6,116022,True,94.5
presized/q10/vendor-plrabn12.txt,164628636,174320488,94.4,94.4,94.4,168094,False,93.6
presized/q10/vendor-mapsdatazrh,128151251,128911962,99.4,99.4,99.4,160499,True,95.4
presized/q10/vendor-random_org_10k.bin,4697483,4819320,97.5,97.5,97.5,10004,True,88.3
presized/q10/vendor-quickfox_repeated,2615163,1945568,134.4,134.4,134.4,57,True,75.5
tiny/q10/16,152959,160672,95.2,95.2,95.2,20,True,81.5
tiny-reused/q10/16,154216,154449,99.8,99.8,99.8,20,True,99.7
tiny/q10/64,183774,185862,98.9,98.9,98.9,67,True,81.6
tiny-reused/q10/64,180826,182529,99.1,99.1,99.1,67,True,98.6
tiny/q10/256,243800,248407,98.1,98.1,98.1,114,True,87.2
tiny-reused/q10/256,248087,239512,103.6,103.6,103.6,114,True,100.1
tiny/q10/1024,260248,262895,99.0,99.0,99.0,124,True,83.0
tiny-reused/q10/1024,261294,257524,101.5,101.5,101.5,124,True,99.2
cold/q11/text-1KiB,1366491,1347482,101.4,101.4,101.4,124,True,98.9
cold/q11/text-1MiB,1667636355,1644338934,101.4,101.4,101.4,8038,True,101.7
cold/q11/binary-256KiB,430092409,443647598,96.9,96.9,96.9,66420,True,89.5
cold/q11/compressible-256KiB,5838344,4549500,128.3,128.3,128.3,20,True,81.9
cold/q11/incompressible-256KiB,35478618,38163344,93.0,93.0,93.0,262149,False,90.8
cold/q11/vendor-alice29.txt,129671768,136144064,95.2,95.2,95.2,46487,True,95.4
cold/q11/vendor-lcet10.txt,397153236,409914744,96.9,96.9,96.9,113416,True,95.0
cold/q11/vendor-plrabn12.txt,411503771,430968269,95.5,95.5,95.5,163267,True,97.3
cold/q11/vendor-mapsdatazrh,364159084,367436084,99.1,99.1,99.1,159339,True,98.3
cold/q11/vendor-random_org_10k.bin,10258171,10348100,99.1,99.1,99.1,10004,True,93.5
cold/q11/vendor-quickfox_repeated,3412167,2906697,117.4,117.4,117.4,57,True,72.7
reused/q11/text-1KiB,1353298,1333939,101.5,101.5,101.5,124,True,100.8
reused/q11/text-1MiB,1676668342,1631520495,102.8,102.8,102.8,8038,True,102.3
reused/q11/binary-256KiB,447765521,442872234,101.1,101.1,101.1,66420,True,91.8
reused/q11/compressible-256KiB,5873352,4491413,130.8,130.8,130.8,20,True,109.6
reused/q11/incompressible-256KiB,35107002,38115489,92.1,92.1,92.1,262149,False,94.1
reused/q11/vendor-alice29.txt,130748473,134493238,97.2,97.2,97.2,46487,True,93.6
reused/q11/vendor-lcet10.txt,384327775,399576369,96.2,96.2,96.2,113416,True,95.1
reused/q11/vendor-plrabn12.txt,410280882,426935589,96.1,96.1,96.1,163267,True,97.4
reused/q11/vendor-mapsdatazrh,371983488,367299409,101.3,101.3,101.3,159339,True,98.3
reused/q11/vendor-random_org_10k.bin,10367213,10417068,99.5,99.5,99.5,10004,True,93.8
reused/q11/vendor-quickfox_repeated,3523416,2864848,123.0,123.0,123.0,57,True,78.9
presized/q11/text-1KiB,1365027,1330235,102.6,102.6,102.6,124,True,99.9
presized/q11/text-1MiB,1685825693,1636128853,103.0,103.0,103.0,8038,True,102.1
presized/q11/binary-256KiB,434898577,443433922,98.1,98.1,98.1,66420,True,91.7
presized/q11/compressible-256KiB,5918314,4422001,133.8,133.8,133.8,20,True,109.9
presized/q11/incompressible-256KiB,35852535,37361785,96.0,96.0,96.0,262149,True,96.3
presized/q11/vendor-alice29.txt,131922221,135181059,97.6,97.6,97.6,46487,True,96.4
presized/q11/vendor-lcet10.txt,385330965,406137093,94.9,94.9,94.9,113416,False,99.5
presized/q11/vendor-plrabn12.txt,411346103,433185019,95.0,95.0,95.0,163267,True,95.6
presized/q11/vendor-mapsdatazrh,370057836,367413913,100.7,100.7,100.7,159339,True,99.9
presized/q11/vendor-random_org_10k.bin,10267556,10445968,98.3,98.3,98.3,10004,True,93.7
presized/q11/vendor-quickfox_repeated,3463947,2851959,121.5,121.5,121.5,57,True,78.5
tiny/q11/16,158201,161199,98.1,98.1,98.1,20,True,81.6
tiny-reused/q11/16,156959,158323,99.1,99.1,99.1,20,True,100.5
tiny/q11/64,192370,202778,94.9,94.9,94.9,67,False,83.5
tiny-reused/q11/64,194853,194993,99.9,99.9,99.9,67,True,97.8
tiny/q11/256,340906,344030,99.1,99.1,99.1,114,True,88.3
tiny-reused/q11/256,339724,339824,100.0,100.0,100.0,114,True,99.6
tiny/q11/1024,1369356,1340054,102.2,102.2,102.2,124,True,96.7
tiny-reused/q11/1024,1369541,1330821,102.9,102.9,102.9,124,True,101.1
writer/q11/text-1MiB,1691054976,1619770329,104.4,104.4,104.4,8038,True,101.6
reader/q11/text-1MiB,1671186252,1623707318,102.9,102.9,102.9,8038,True,102.5
session/q11/text-1MiB,1660532175,1622610876,102.3,102.3,102.3,8038,True,102.2
writer/q11/binary-256KiB,427353177,444959161,96.0,96.0,96.0,66420,True,91.7
reader/q11/binary-256KiB,431140913,440580641,97.9,97.9,97.9,66420,True,91.7
session/q11/binary-256KiB,428821222,442008206,97.0,97.0,97.0,66420,True,93.5
writer/q11/compressible-256KiB,5830911,4545034,128.3,128.3,128.3,20,True,107.9
reader/q11/compressible-256KiB,5864625,4479334,130.9,130.9,130.9,20,True,108.0
session/q11/compressible-256KiB,5896103,4409981,133.7,133.7,133.7,20,True,109.3
writer/q11/incompressible-256KiB,35734123,37293560,95.8,95.8,95.8,262149,True,95.8
reader/q11/incompressible-256KiB,35458852,37398157,94.8,94.8,94.8,262149,False,94.7
session/q11/incompressible-256KiB,35133986,38004956,92.4,92.4,92.4,262149,False,95.4
writer/q11/vendor-alice29.txt,130190638,135477549,96.1,96.1,96.1,46487,True,95.3
reader/q11/vendor-alice29.txt,128980078,135107599,95.5,95.5,95.5,46487,True,97.1
session/q11/vendor-alice29.txt,129308622,135379938,95.5,95.5,95.5,46487,True,95.2
writer/q11/vendor-lcet10.txt,387215617,399301915,97.0,97.0,97.0,113416,True,95.0
reader/q11/vendor-lcet10.txt,388825782,396931950,98.0,98.0,98.0,113416,True,98.0
session/q11/vendor-lcet10.txt,380992793,406064058,93.8,93.8,93.8,113416,False,97.7
writer/q11/vendor-plrabn12.txt,408127165,425382372,95.9,95.9,95.9,163267,True,95.3
reader/q11/vendor-plrabn12.txt,410198841,434749941,94.4,94.4,94.4,163267,False,96.9
session/q11/vendor-plrabn12.txt,410962285,432562749,95.0,95.0,95.0,163267,True,95.8
writer/q11/vendor-mapsdatazrh,365528948,365264952,100.1,100.1,100.1,159339,True,99.9
reader/q11/vendor-mapsdatazrh,364504667,362273622,100.6,100.6,100.6,159339,True,99.3
session/q11/vendor-mapsdatazrh,364506571,369006343,98.8,98.8,98.8,159339,True,100.0
flush/q11/1,360168330,355285578,101.4,101.4,101.4,2330,True,101.3
flush/q11/4,355147524,352396632,100.8,100.8,100.8,2326,True,102.4
flush/q11/32,389561213,385294116,101.1,101.1,101.1,2712,True,101.6
flush/q11/256,416663060,408010927,102.1,102.1,102.1,5540,True,101.8
