group,implementation,corpus,input_bytes,compressed_bytes,before_ns,before_ci_low_ns,before_ci_high_ns,after_ns,after_ci_low_ns,after_ci_high_ns,speedup
cold/q2,c-brotli,text-1MiB,1048576,8176,681721.0762695547,673255.424940948,690412.4796639779,670315.7885566347,661909.5976862034,679978.0137931635,1.017014797961836
cold/q2,c-brotli,vendor-alice29.txt,152089,57383,908155.038419965,899611.4134062534,917514.4308148595,891419.4618408395,885869.7565875031,897010.2203597195,1.0187740758369415
cold/q2,mbrotli,text-1MiB,1048576,8176,1531132.5924972608,1517316.7948657656,1546714.6802856028,1140076.951457371,1134003.9538902547,1146512.6626718803,1.3430081105841143
cold/q2,mbrotli,vendor-alice29.txt,152089,57383,1195462.0165475828,1184444.0363107459,1207941.104281123,1193675.9960897416,1185357.4829360007,1202173.4780344896,1.0014962355477466
cold/q3,c-brotli,text-1MiB,1048576,8222,807374.3864755195,794818.6206946623,823746.7576816815,784432.4205594794,779718.6273817039,788864.979016353,1.0292465804762088
cold/q3,c-brotli,vendor-alice29.txt,152089,56863,1087254.2107421053,1077299.1988622984,1097942.4503181053,1065950.7587150282,1060061.3245482494,1071817.9940520849,1.0199853997503203
cold/q3,mbrotli,text-1MiB,1048576,8222,1769290.4071444478,1757726.239594953,1781287.0679983692,1289220.9580816643,1279682.5702928368,1299146.2373111618,1.3723717381829703
cold/q3,mbrotli,vendor-alice29.txt,152089,56863,1429824.2778221762,1416860.2988090091,1443376.00914113,1376326.1245509735,1371543.9846595342,1381027.784070461,1.0388702592480807
cold/q4,c-brotli,text-1MiB,1048576,7647,2070008.360412849,2055181.2001852733,2084544.4963144113,2030778.6579275776,2020739.3932833984,2040637.0661691397,1.0193175668515768
cold/q4,c-brotli,vendor-alice29.txt,152089,55504,1560138.4204385192,1547200.9551468752,1572719.7189026978,1547445.5801940588,1541356.7419203592,1553292.5991565932,1.0082024469273219
cold/q4,mbrotli,text-1MiB,1048576,7647,4697136.204882354,4644522.265199584,4752796.734362937,4073685.643315696,4050013.1590554942,4098154.531424802,1.1530433656778711
cold/q4,mbrotli,vendor-alice29.txt,152089,55504,2005711.8922087594,1983812.8953096094,2030012.9299707003,2006937.4630579515,1997101.9952046103,2017057.6549429887,0.9993893328159191
cold/q5,c-brotli,binary-256KiB,262144,94650,2719825.3778530178,2683033.324037784,2766889.5988473715,2797728.3423606562,2768830.8055912587,2826638.4872343377,0.972154921788473
cold/q5,c-brotli,compressible-256KiB,262144,19,105632.50971603797,104839.60242139052,106655.1081947596,105840.32872446408,105025.96803870288,106696.90168515347,0.9980364856106302
cold/q5,c-brotli,incompressible-256KiB,262144,262149,292872.21454901673,287059.50495663926,301725.36306902184,373912.8323415786,342561.0549194721,404863.0989910775,0.783263341658921
cold/q5,c-brotli,text-1KiB,1024,146,9725.816874795008,9644.439328393164,9806.80795431659,10030.93670807109,9923.493043298877,10133.968149981443,0.9695821195810579
cold/q5,c-brotli,text-1MiB,1048576,8254,2620519.5006332984,2552682.5907034585,2693966.7547736373,2676758.5874111927,2603773.604972247,2756075.1428367756,0.9789898547286308
cold/q5,c-brotli,vendor-alice29.txt,152089,52809,2334449.2655727784,2319601.4271482695,2352797.998907058,2307702.535636251,2287402.9218736356,2329854.6537022768,1.0115901982701394
cold/q5,c-brotli,vendor-lcet10.txt,426754,133991,5950933.569015415,5922245.586144572,5981302.611880388,6104698.345315428,6054621.961636753,6160596.841130124,0.9748120598918687
cold/q5,c-brotli,vendor-mapsdatazrh,285886,167912,2858075.6235199682,2843419.690818634,2873701.2230412513,2874611.4982565893,2846975.761348997,2910433.230984358,0.9942476140700579
cold/q5,c-brotli,vendor-plrabn12.txt,481861,186038,8173101.93943317,8127682.309226086,8218899.01993699,8206711.321181896,8146315.258932179,8272082.605245985,0.9959046467661195
cold/q5,c-brotli,vendor-quickfox_repeated,176128,51,62739.644278206004,62436.14374357882,63065.98947980582,62869.123266668525,62505.45673049702,63217.986932615095,0.9979404995372161
cold/q5,c-brotli,vendor-random_org_10k.bin,10000,10004,43368.996428392435,43127.039960652015,43638.29619489502,44304.70661661427,43775.44615493431,44877.89215608231,0.9788801177193454
cold/q5,mbrotli,binary-256KiB,262144,94650,6042489.063513526,6001470.294834692,6082062.090444874,5556314.991321796,5506165.440730994,5612622.384427187,1.0874993719670443
cold/q5,mbrotli,compressible-256KiB,262144,19,354498.38354179065,352923.42197917134,356107.4204570954,334200.0273891385,331639.7035919995,336863.2577036821,1.06073714688544
cold/q5,mbrotli,incompressible-256KiB,262144,262149,801655.8802779408,788309.0627462224,814938.8884343841,768642.4407566634,758153.0463921974,778229.5498407278,1.0429503209434785
cold/q5,mbrotli,text-1KiB,1024,146,15477.421891453714,15365.62597603045,15591.462790176169,15690.59430582414,15480.242472847127,15952.294130507213,0.9864139999916193
cold/q5,mbrotli,text-1MiB,1048576,8254,5081600.544124767,5041544.363179396,5123290.307640121,3968282.240416815,3916217.196736406,4022635.220168383,1.280554213702051
cold/q5,mbrotli,vendor-alice29.txt,152089,52809,4306934.932243833,4267773.5439983215,4367667.577878519,4084681.5074733533,4050633.987059596,4124434.667048608,1.054411445387809
cold/q5,mbrotli,vendor-lcet10.txt,426754,133991,11293706.56,11227096.170250002,11360998.8625,10409437.94,10350684.579499999,10468931.52725,1.0849487383561847
cold/q5,mbrotli,vendor-mapsdatazrh,285886,167912,4873824.471789304,4850014.678291666,4897602.618362631,4566533.72967752,4533786.533160731,4598954.394056456,1.0672919024148946
cold/q5,mbrotli,vendor-plrabn12.txt,481861,186038,15440978.0625,15378992.715625,15505015.2646875,14199886.7375,14106022.2246875,14291809.28125,1.0874014946698443
cold/q5,mbrotli,vendor-quickfox_repeated,176128,51,291260.820564269,289673.2223295466,292957.21083776094,268789.4663854248,267415.186438251,270329.150995514,1.0836020640281412
cold/q5,mbrotli,vendor-random_org_10k.bin,10000,10004,73874.13851815456,73091.05348239759,74774.41266057102,73386.1106114146,72928.17956840307,73950.30570083852,1.0066501399607362
cold/q6,c-brotli,text-1MiB,1048576,8254,4485865.481564495,4398968.020613458,4577673.855481561,4370697.231905527,4301477.338139177,4455053.527352606,1.0263500863931398
cold/q6,c-brotli,vendor-alice29.txt,152089,51967,2569465.1160079665,2547450.3871670985,2595071.236022143,2535079.9264950724,2520129.45519762,2551112.2642398085,1.0135637496686087
cold/q6,mbrotli,text-1MiB,1048576,8254,8284713.972247912,8162922.258693175,8425398.370962951,4807370.834663671,4635415.561330737,4994678.543216786,1.7233357394671465
cold/q6,mbrotli,vendor-alice29.txt,152089,51967,5223482.775797589,5164194.548509461,5287756.364703215,4825325.298283097,4798559.774442215,4854416.6249742275,1.0825141214119098
cold/q7,c-brotli,binary-256KiB,262144,94208,7215735.66951513,7147748.403102959,7289438.900969198,7237578.922911386,7156300.969986641,7315996.568219991,0.9969819668111517
cold/q7,c-brotli,compressible-256KiB,262144,19,166159.2290468383,164125.3121799907,168504.5781489005,162951.28221630765,162001.25673865175,163851.6594975485,1.0196865393564212
cold/q7,c-brotli,incompressible-256KiB,262144,262149,2180765.857938,2130735.322885286,2225939.0192785803,2136657.2701465497,2082205.3389477883,2198997.4735437725,1.020643735618125
cold/q7,c-brotli,text-1KiB,1024,146,10975.116135533997,10824.186974119319,11114.861410180567,10332.612945690784,10161.553442792458,10516.022677601317,1.0621820630677132
cold/q7,c-brotli,text-1MiB,1048576,7586,5043073.363078246,4920178.643716071,5171716.083941268,4298092.794825632,4187460.5475852275,4425677.526885051,1.1733281722417621
cold/q7,c-brotli,vendor-alice29.txt,152089,51451,4798069.651331006,4756449.049676482,4847572.915562017,4745441.396096379,4692047.306814426,4799474.77117731,1.0110902760864182
cold/q7,c-brotli,vendor-lcet10.txt,426754,129087,10866207.7,10738135.116750002,11000517.6695,10849220.129999999,10757392.5505,10936964.902249997,1.001565787199121
cold/q7,c-brotli,vendor-mapsdatazrh,285886,167591,6402586.66137122,6349251.275894381,6457275.110385376,6385728.782856484,6324057.636412483,6444776.900830352,1.0026399302394418
cold/q7,c-brotli,vendor-plrabn12.txt,481861,179659,14778268.675,14577725.098125,14983603.395312501,15057405.8375,14913172.285625,15222626.3946875,0.9814618025500238
cold/q7,c-brotli,vendor-quickfox_repeated,176128,51,131370.38581290524,130167.63319220587,132700.21089492115,129769.93227296726,128595.59504038803,130974.6641104845,1.0123330074378976
cold/q7,c-brotli,vendor-random_org_10k.bin,10000,10004,46436.41567253135,45687.87739518851,47241.59127264835,46540.171088109215,45877.06063291432,47259.54485983541,0.9977706266833133
cold/q7,mbrotli,binary-256KiB,262144,94208,14199064.2875,14052962.22375,14353883.64,14403307.1625,14313532.093125,14494810.397499999,0.9858197237137482
cold/q7,mbrotli,compressible-256KiB,262144,19,363869.8263027904,360296.325947063,367919.48689405515,337715.396072442,335827.8061854154,340322.4102719565,1.0774451817551667
cold/q7,mbrotli,incompressible-256KiB,262144,262149,1076234.3255522992,1067537.2034423966,1085588.795711158,1056668.2394981137,1040631.3827175439,1075609.9008692252,1.0185167731202736
cold/q7,mbrotli,text-1KiB,1024,146,18325.614898219203,18144.472227403367,18529.09088202484,18255.63552498054,18133.627432878402,18397.29882304709,1.0038333024968047
cold/q7,mbrotli,text-1MiB,1048576,7586,5245716.6346302,4974485.092876257,5526311.896226094,3845790.8030853095,3640003.524266206,4056876.4792343806,1.3640150760207217
cold/q7,mbrotli,vendor-alice29.txt,152089,51451,4908854.393816137,4857379.575094572,4968283.554001281,4858758.490624318,4820638.116128608,4897998.620337464,1.0103104328582058
cold/q7,mbrotli,vendor-lcet10.txt,426754,129087,17392604.283333335,17234471.22791667,17547057.982916668,17211529.866666667,17077302.566666666,17351572.475416664,1.0105205300208293
cold/q7,mbrotli,vendor-mapsdatazrh,285886,167591,10234824.17,10184430.17225,10286518.053499997,10121496.6,10000923.282,10258078.314499998,1.0111967206509758
cold/q7,mbrotli,vendor-plrabn12.txt,481861,179659,22421739.08333334,22251367.14708333,22593976.890833337,22841371.283333335,22592419.174583334,23118303.15291667,0.9816284147394343
cold/q7,mbrotli,vendor-quickfox_repeated,176128,51,293518.96985377156,292501.10502932826,294523.36165153957,274142.92519569205,271878.72255475004,276620.59196725313,1.0706786237297508
cold/q7,mbrotli,vendor-random_org_10k.bin,10000,10004,72858.1033919767,71972.1607595862,74002.97572145495,71222.28503949431,70794.78996493992,71690.39203496184,1.0229677881238337
cold/q8,c-brotli,text-1MiB,1048576,7586,2927590.1408729563,2838992.423780542,3025150.3982067676,3127667.919377438,2982025.5632039574,3282664.552362925,0.9360297244906016
cold/q8,c-brotli,vendor-alice29.txt,152089,51187,3434414.067784232,3408391.704598589,3457939.7285511354,3496930.73799966,3471660.894602316,3524979.3703678786,0.9821224167993704
cold/q8,mbrotli,text-1MiB,1048576,7586,4993833.368726948,4885320.001112438,5123933.933848006,3862953.6721363002,3703654.823110682,4059743.556513433,1.2927500023486551
cold/q8,mbrotli,vendor-alice29.txt,152089,51187,5307334.249752669,5281796.921354356,5332354.0050073555,5351326.413089953,5308858.953312359,5400442.764280097,0.9917792038942579
cold/q9,c-brotli,binary-256KiB,262144,94116,19154055.366666667,19024847.465416666,19292191.059583336,19693273.266666666,19530917.010416668,19848446.18208333,0.972619183581193
cold/q9,c-brotli,compressible-256KiB,262144,19,47150.426695041795,46781.109886489445,47568.3167244402,48296.69228729808,47610.90375221518,49078.86634005187,0.9762661677649144
cold/q9,c-brotli,incompressible-256KiB,262144,262149,7966171.567037193,7932107.975344665,7996342.2129414985,8025420.708265401,7962891.178806137,8092842.123157665,0.9926173164769808
cold/q9,c-brotli,text-1KiB,1024,146,139815.98219259275,139213.877532527,140452.7279693013,143934.08681428112,142671.3110542314,145154.15045831318,0.9713889550916318
cold/q9,c-brotli,text-1MiB,1048576,7542,9956884.599999998,9866695.321458332,10048260.155208336,9778906.466666665,9663440.488333333,9896975.997291667,1.018200208166425
cold/q9,c-brotli,vendor-alice29.txt,152089,51054,10994406.760000002,10934374.488499997,11055833.112249998,11062043.589999998,10987680.670750005,11134896.310999999,0.9938856840103993
cold/q9,c-brotli,vendor-lcet10.txt,426754,127437,20235580.633333333,20121574.66583333,20346702.07583333,20613937.016666673,20420587.0975,20801702.53541667,0.9816456030195768
cold/q9,c-brotli,vendor-mapsdatazrh,285886,166978,15685983.0875,15622604.0175,15750675.030000001,15693538.6875,15506143.8246875,15895720.1378125,0.9995185534537205
cold/q9,c-brotli,vendor-plrabn12.txt,481861,177362,26226909.6,26073851.986874998,26413483.198125,26259136.6,26042793.261875,26475651.98375,0.9987727319259995
cold/q9,c-brotli,vendor-quickfox_repeated,176128,51,61568.29735838814,60940.91694173678,62197.44691149135,62851.26555463066,62136.764224692255,63774.11771132671,0.9795872336870073
cold/q9,c-brotli,vendor-random_org_10k.bin,10000,10004,2144002.128563908,2117478.0270573366,2176533.147146678,2180266.3511448177,2160989.835951302,2198732.300223765,0.9833670677154339
cold/q9,mbrotli,binary-256KiB,262144,94116,30242488.975,30082759.47625,30407915.775,30941148.0,30602718.73625,31310234.946875002,0.9774197445744418
cold/q9,mbrotli,compressible-256KiB,262144,19,325258.72669488814,323015.6482325408,327477.14777202613,231405.90876905806,229680.38577061085,233274.645861855,1.4055765836968956
cold/q9,mbrotli,incompressible-256KiB,262144,262149,1358711.2939593294,1352395.42096267,1364715.0598010828,1339156.1650575767,1324475.063157835,1354663.0315409675,1.0146025754217485
cold/q9,mbrotli,text-1KiB,1024,146,20874.72134127058,20739.91898292064,21018.669840915827,20621.568184139203,20426.198578294065,20833.854262280827,1.0122761351062566
cold/q9,mbrotli,text-1MiB,1048576,7542,5458949.5252210945,5375462.386563898,5580612.853587178,3813836.9011630057,3728654.8114501513,3917327.479728779,1.4313536909657625
cold/q9,mbrotli,vendor-alice29.txt,152089,51054,6239097.368811673,6205236.2107894905,6274368.275879284,6274007.9472254235,6224304.043381814,6323582.342568687,0.9944356815121361
cold/q9,mbrotli,vendor-lcet10.txt,426754,127437,24507973.666666664,24349689.241249997,24671673.289999995,24668302.266666666,24508629.567500003,24840890.265,0.9935006228532943
cold/q9,mbrotli,vendor-mapsdatazrh,285886,166978,23529673.83333333,23413626.45291667,23651175.3725,23040153.56666667,22867899.025416672,23214130.195416663,1.0212463977399382
cold/q9,mbrotli,vendor-plrabn12.txt,481861,177362,33945344.0,33803200.709375,34083450.599999994,34218761.475,33966392.93375,34502054.17125,0.9920097203050509
cold/q9,mbrotli,vendor-quickfox_repeated,176128,51,92526.64266089707,91894.16257407103,93250.41844040557,32376.12495955486,31961.292375809455,32765.97320855239,2.8578664919437973
cold/q9,mbrotli,vendor-random_org_10k.bin,10000,10004,96240.91364127735,95837.31956474422,96659.88624422067,94908.27459129778,94212.37391746197,95651.35920670308,1.0140413368140797
reused/q5,c-brotli,vendor-alice29.txt,152089,52809,2298470.0397617086,2282272.3985453323,2316339.2777718734,2268804.2974925507,2249564.600787677,2293503.323985448,1.0130754963316775
reused/q5,mbrotli,vendor-alice29.txt,152089,52809,3917620.6220341013,3903125.0527802375,3933892.2628807398,3658695.8045868925,3642178.4231250086,3676998.57125586,1.0707697035437043
reused/q9,c-brotli,vendor-alice29.txt,152089,51054,11069584.74,11001363.95625,11136678.989999998,10991822.77,10926102.497499999,11055280.80925,1.007074529095596
reused/q9,mbrotli,vendor-alice29.txt,152089,51054,5854214.873522387,5808664.6252721585,5902890.367096149,5835140.386019647,5802860.574311737,5870064.049618529,1.0032688995021337
streaming/q5,c-brotli,vendor-alice29.txt,152089,52809,2345486.7871734453,2322159.461780006,2372790.5659621134,2319839.2809836026,2302631.9005635683,2337913.3469436415,1.0110557254548118
streaming/q5,mbrotli-reader,vendor-alice29.txt,152089,52809,3951612.272540515,3935344.954007711,3969442.793636047,3693663.052184412,3681316.4598869523,3706134.175076888,1.0698356121583839
streaming/q5,mbrotli-session,vendor-alice29.txt,152089,52809,3937790.8311321624,3928270.1293715523,3947985.8179134997,3657236.2788977385,3641722.470133316,3672775.414720912,1.0767121757632188
streaming/q5,mbrotli-writer,vendor-alice29.txt,152089,52809,3954842.4762399257,3931793.7909096736,3978455.6073663584,3708127.378848004,3685085.3490615347,3732366.9144856064,1.0665336090661934
streaming/q9,c-brotli,vendor-alice29.txt,152089,51054,10981333.83,10920893.153749999,11032975.158750001,10929516.959999999,10864230.65475,10993403.269,1.0047410027533368
streaming/q9,mbrotli-reader,vendor-alice29.txt,152089,51054,5837287.221088167,5802636.209414822,5871139.504569337,5841439.372015746,5798835.637588267,5888277.372013374,0.9992891904438022
streaming/q9,mbrotli-session,vendor-alice29.txt,152089,51054,5849994.629863447,5802438.227522115,5904407.353501943,5814706.11344569,5749663.04032868,5915206.996566418,1.0060688392034391
streaming/q9,mbrotli-writer,vendor-alice29.txt,152089,51054,5879186.9582903385,5838438.691069473,5920574.940010748,5803860.319923192,5774529.105492515,5832127.602051017,1.0129787131693313
