case,c_ns,rust_ns,percent_of_c,percent_lower,percent_upper,passes
cold/q0/mbrotli/binary-256KiB,312732.34691137564,404782.18502380955,77.25941468816877,75.57141057021613,79.09623386890216,False
cold/q0/mbrotli/compressible-256KiB,38740.140999999996,39405.13984380277,98.31240582716177,96.85389027500464,99.81427981689764,True
cold/q0/mbrotli/incompressible-256KiB,18816.66898829979,24100.089721149725,78.07717401062902,76.56010151633286,79.51874095423558,False
cold/q0/mbrotli/text-1KiB,1727.495700920545,1851.9031407137068,93.2821843076946,92.3525169811385,94.23697222393822,False
cold/q0/mbrotli/text-1MiB,99359.70369256474,107104.25551190476,92.76914648972169,75.83280686503643,109.84130357974688,False
cold/q0/mbrotli/vendor-alice29.txt,365851.6921746032,370766.111063492,98.67452317182051,97.53016331884345,99.7381373013144,True
cold/q0/mbrotli/vendor-lcet10.txt,1015995.2283730159,1002410.2489087302,101.35523150118176,99.00264268415543,103.63739457464106,True
cold/q0/mbrotli/vendor-mapsdatazrh,473787.7920138889,459737.57944444445,103.05613750053301,101.23380698732217,105.03859583960717,True
cold/q0/mbrotli/vendor-plrabn12.txt,1395757.9393849208,1391744.2039285714,100.28839606049874,99.21229063878215,101.39200468813164,True
cold/q0/mbrotli/vendor-quickfox_repeated,19396.78828767708,19800.505666407866,97.96107541124212,96.40253745703463,99.57060367026646,True
cold/q0/mbrotli/vendor-random_org_10k.bin,7999.408820048309,10016.773390507518,79.86013567631488,70.42536927696482,89.10561897265822,False
cold/q1/mbrotli/binary-256KiB,633126.2673015873,605479.1512996033,104.56615491097291,103.05995928169652,106.2191436975257,True
cold/q1/mbrotli/compressible-256KiB,16911.049204892966,14272.339058159723,118.48828097469173,115.68768157861153,121.19453416210553,True
cold/q1/mbrotli/incompressible-256KiB,25967.24749659864,29419.452787226008,88.26556933062221,86.58649362558441,89.88991683788467,False
cold/q1/mbrotli/text-1KiB,2417.5667741180473,2673.575719887955,90.42447371639668,88.9466289057416,91.84889362421764,False
cold/q1/mbrotli/text-1MiB,187440.3208452381,158447.38156084655,118.29814983295118,115.54627729550361,120.86204903412174,True
cold/q1/mbrotli/vendor-alice29.txt,485278.11155753967,523621.92512896826,92.67719479813904,91.36049134307254,94.08535319876324,False
cold/q1/mbrotli/vendor-lcet10.txt,1348321.5022817461,1393505.0762103174,96.75755943053689,94.8126144399838,99.15667879673397,True
cold/q1/mbrotli/vendor-mapsdatazrh,659117.2573015874,681371.6362698413,96.73388533017236,93.88685214306025,99.6072291937338,True
cold/q1/mbrotli/vendor-plrabn12.txt,1818655.4882936508,1985710.4942857143,91.58714190851092,88.65993483640388,94.569892817562,False
cold/q1/mbrotli/vendor-quickfox_repeated,14332.349440753043,12898.625952664403,111.11531951814203,108.98118031514025,113.44306283209663,True
cold/q1/mbrotli/vendor-random_org_10k.bin,22747.326841073875,16254.055601910382,139.94862204359828,135.8299972258702,146.59118693576306,True
cold/q10/mbrotli/binary-256KiB,324234106.2,385965437.8,84.0059949533647,82.75623013654479,85.13926977655856,False
cold/q10/mbrotli/compressible-256KiB,4733965.251633598,5711250.436448413,82.88842004584642,82.37041454311145,83.41229819440834,False
cold/q10/mbrotli/incompressible-256KiB,21516623.623267196,25222739.23550264,85.30645074814537,81.30427456951256,87.93710309792503,False
cold/q10/mbrotli/text-1KiB,266817.6152895858,329246.9340607669,81.03875471178755,80.27946332283186,81.9178199488516,False
cold/q10/mbrotli/text-1MiB,102149537.84896827,120552462.7,84.73450940871429,83.74764084370213,85.4842897871412,False
cold/q10/mbrotli/vendor-alice29.txt,46009620.78517858,50608972.273571424,90.91198401830681,90.49621716473209,91.36478109138854,False
cold/q10/mbrotli/vendor-lcet10.txt,151731425.75,163245013.4,92.94705093270555,92.41288866533372,93.73738215415311,False
cold/q10/mbrotli/vendor-mapsdatazrh,132569194.76666668,138773268.6,95.5293451714999,94.39302711086849,96.9807182643743,True
cold/q10/mbrotli/vendor-plrabn12.txt,167097513.4,181924900.65,91.84972084798552,91.3401141772902,92.36554408645011,False
cold/q10/mbrotli/vendor-quickfox_repeated,2640442.959179894,3820845.708367725,69.10624402857393,68.1924888801893,69.97503428051189,False
cold/q10/mbrotli/vendor-random_org_10k.bin,4778317.6051587295,5469695.421968253,87.35984797192357,86.69122142572479,87.9513880811653,False
cold/q11/mbrotli/binary-256KiB,439568404.2,492212856.6,89.3045352850704,88.97261880579008,89.62099694861175,False
cold/q11/mbrotli/compressible-256KiB,5995264.901529982,7160069.279900794,83.73193983414988,83.45899347426845,83.9858443271827,False
cold/q11/mbrotli/incompressible-256KiB,36183368.41894841,40616812.896805555,89.08470615574609,87.7527347144915,90.6908860187299,False
cold/q11/mbrotli/text-1KiB,1400464.6028093202,1442715.7855398916,97.07141329192844,96.31630985348669,97.7671435446091,True
cold/q11/mbrotli/text-1MiB,1753305844.9,1685221413.3,104.04008820815285,103.1481353608463,104.96182962259064,True
cold/q11/mbrotli/vendor-alice29.txt,136387231.83333337,140008546.26666668,97.41350472532156,96.53885170028288,98.64498339133415,True
cold/q11/mbrotli/vendor-lcet10.txt,408628663.9,418522453.5,97.6360194017643,96.47473551493862,98.73622559173592,True
cold/q11/mbrotli/vendor-mapsdatazrh,383696117.8,392227258.6,97.82494953806864,94.94508886633749,99.82647474090676,True
cold/q11/mbrotli/vendor-plrabn12.txt,436834314.0,448811318.1,97.33139437064477,95.63572096638644,98.90041520760381,True
cold/q11/mbrotli/vendor-quickfox_repeated,3583199.077953869,4844389.991283068,73.96594998341237,73.30396489364172,74.69171055312103,False
cold/q11/mbrotli/vendor-random_org_10k.bin,10446087.970588626,11270510.29118254,92.6851375909847,91.62014084862543,93.71072828198916,False
cold/q2/mbrotli/binary-256KiB,899619.7298280423,1097586.6764880952,81.96343387717863,79.21176616005103,84.69373859165083,False
cold/q2/mbrotli/compressible-256KiB,111195.188802521,22265.358768371545,499.40892468562566,491.908525808847,506.66488411978264,True
cold/q2/mbrotli/incompressible-256KiB,106662.52403828199,118420.35148065476,90.07110915027681,86.96708065144742,93.34137293334705,False
cold/q2/mbrotli/text-1KiB,2631.218084185773,3358.025513651978,78.3561075843115,76.39531705999379,79.9895283412122,False
cold/q2/mbrotli/text-1MiB,689973.7460582011,764062.1550000001,90.30335314254648,83.29126719407358,101.82148266351595,False
cold/q2/mbrotli/vendor-alice29.txt,905340.6438095238,1029445.3946626984,87.94450375934335,86.34015210977574,89.84525689665988,False
cold/q2/mbrotli/vendor-lcet10.txt,2363091.796626984,2747512.6482539685,86.00840466116573,84.0117230843195,87.90055154487725,False
cold/q2/mbrotli/vendor-mapsdatazrh,1204324.219484127,1390836.9411309524,86.58989302547833,85.21058054265418,87.990330032088,False
cold/q2/mbrotli/vendor-plrabn12.txt,3107031.373174603,3587540.9790476197,86.60615701174298,85.14095065501188,88.295318964206,False
cold/q2/mbrotli/vendor-quickfox_repeated,73294.33709682539,16138.813373718218,454.1494805075568,444.17761248702266,463.39898120211,True
cold/q2/mbrotli/vendor-random_org_10k.bin,27907.61013828764,28240.75380826405,98.82034427183413,97.22698388433955,100.19639159461647,True
cold/q3/mbrotli/binary-256KiB,1373470.9989484125,1596274.759107143,86.04226754275355,81.59230310095903,90.96158928588328,False
cold/q3/mbrotli/compressible-256KiB,112898.87311507939,25166.696920194,448.6042545555044,445.12434321501365,451.8865953117534,True
cold/q3/mbrotli/incompressible-256KiB,121839.0685342262,148382.05053240742,82.1117298871779,79.29444467192266,84.98607274579487,False
cold/q3/mbrotli/text-1KiB,5930.385183351669,7637.203604363473,77.65126465874732,73.7121636780508,81.03732678374993,False
cold/q3/mbrotli/text-1MiB,759863.8543783069,921965.1490608465,82.41785008384937,75.0341989909292,88.18717392494578,False
cold/q3/mbrotli/vendor-alice29.txt,1096292.5983134923,1232741.82015873,88.93124094486643,84.37349744460123,94.14850089263852,False
cold/q3/mbrotli/vendor-lcet10.txt,2801788.099642857,3176984.347896825,88.19017636953895,86.77571324319517,89.80083279706432,False
cold/q3/mbrotli/vendor-mapsdatazrh,1499926.3625,1673008.3694246034,89.65444464667374,88.5548747063673,90.95131393761417,False
cold/q3/mbrotli/vendor-plrabn12.txt,3728707.6666666665,4204613.066666666,88.68135087690034,87.33981464331802,89.90203919352899,False
cold/q3/mbrotli/vendor-quickfox_repeated,74405.88409365079,17375.635314091043,428.21964635336343,416.1721347161168,441.9729318513634,True
cold/q3/mbrotli/vendor-random_org_10k.bin,30816.028884180792,31005.773227737423,99.3880354404873,97.92358304659635,100.67340077873115,True
cold/q4/mbrotli/binary-256KiB,2224381.7851190483,2738065.2771031745,81.23918022408894,79.49591487938498,82.98109824706073,False
cold/q4/mbrotli/compressible-256KiB,99243.53076858814,33445.86770851371,296.7288265130748,290.25743304038974,301.7145603102255,True
cold/q4/mbrotli/incompressible-256KiB,155087.98154431218,202783.8813580247,76.47944230364982,75.49451795780153,77.38969689976386,False
cold/q4/mbrotli/text-1KiB,9068.243687500002,11373.112658483684,79.7340531110946,77.23062013443558,81.7851157027428,False
cold/q4/mbrotli/text-1MiB,2050014.332579365,1206685.4320039682,169.8880485508856,155.30146148033052,182.82015686182052,True
cold/q4/mbrotli/vendor-alice29.txt,1574318.8263293654,1876868.2996825397,83.88009039289818,82.32017877218674,85.48541673079335,False
cold/q4/mbrotli/vendor-lcet10.txt,3981247.5,4721907.633333334,84.31438751353804,82.66920916546258,85.9813903414895,False
cold/q4/mbrotli/vendor-mapsdatazrh,1970234.1143650792,2313194.036825397,85.17375036419372,83.2480843087907,87.1669732885764,False
cold/q4/mbrotli/vendor-plrabn12.txt,5301081.25,6121820.65,86.5932138995284,84.90775493877926,88.42469366992624,False
cold/q4/mbrotli/vendor-quickfox_repeated,62211.885145046515,26515.24140269151,234.6268857229092,228.84247952636076,239.7117511950143,True
cold/q4/mbrotli/vendor-random_org_10k.bin,46008.56834126984,56429.53711640212,81.53277643650338,78.5910170498666,84.07999413576336,False
cold/q5/mbrotli/binary-256KiB,2829712.0403968254,4254509.0,66.5108956261892,61.71934663721783,74.56479757676917,False
cold/q5/mbrotli/compressible-256KiB,103763.36207892415,60104.23928174602,172.63900736272632,170.83461452544753,174.34191465229426,True
cold/q5/mbrotli/incompressible-256KiB,280466.6144387755,391457.9215476191,71.64668256806702,67.58996042436058,75.34928246559356,False
cold/q5/mbrotli/text-1KiB,9546.27649066535,15852.210245686681,60.22047615261002,59.40718104694087,60.99336009071458,False
cold/q5/mbrotli/text-1MiB,2336328.156468254,2609727.8311507935,89.52382423105094,87.25416598943801,92.05348911917591,False
cold/q5/mbrotli/vendor-alice29.txt,2347713.67702381,2865856.863730158,81.92013030155523,78.26548275026487,85.63850805841089,False
cold/q5/mbrotli/vendor-lcet10.txt,5971207.55,7615973.4,78.40373431451323,75.90627400124261,80.39499064725123,False
cold/q5/mbrotli/vendor-mapsdatazrh,2840465.100515873,3858347.3999999994,73.61869748991171,70.67891875139125,76.56083535897181,False
cold/q5/mbrotli/vendor-plrabn12.txt,8390697.65,10037079.8,83.59700049410785,80.71311955333105,87.48702527872717,False
cold/q5/mbrotli/vendor-quickfox_repeated,61973.952335978836,45612.72333134922,135.86987973898215,132.47572285539206,139.20827946212924,True
cold/q5/mbrotli/vendor-random_org_10k.bin,46015.9139556717,72768.57547924298,63.23596917023283,60.75984876844441,65.74829065543685,False
cold/q6/mbrotli/binary-256KiB,3266903.6849999996,4898466.133333333,66.69238075913613,65.43298166156949,68.117103160081,False
cold/q6/mbrotli/compressible-256KiB,104196.29205026454,95717.93279761905,108.85764976827456,104.01923241841727,112.8399089774598,True
cold/q6/mbrotli/incompressible-256KiB,348744.24869708996,454981.73581746034,76.65016444462442,74.83067462480167,78.55032773202619,False
cold/q6/mbrotli/text-1KiB,9859.480412653826,16213.289617117116,60.811104010901765,59.97323702854155,62.042328343166275,False
cold/q6/mbrotli/text-1MiB,4462790.966666666,3036197.153809524,146.98620480119976,140.9817324802288,154.69518779536628,True
cold/q6/mbrotli/vendor-alice29.txt,2570596.132619048,3848951.6,66.78691757566003,65.67443405590406,67.89335320459145,False
cold/q6/mbrotli/vendor-lcet10.txt,7018535.15,8456520.25,82.99554595165783,81.15240623906128,85.08503394635272,False
cold/q6/mbrotli/vendor-mapsdatazrh,3145165.9297619043,4059649.7333333334,77.47382499374999,75.71647706835948,79.45733252152814,False
cold/q6/mbrotli/vendor-plrabn12.txt,10787491.7,11710907.7,92.11490668652439,89.3902722076418,94.7678069949186,False
cold/q6/mbrotli/vendor-quickfox_repeated,61680.85320333882,27860.2737002442,221.39356514217653,216.99798791382813,226.37040189364555,True
cold/q6/mbrotli/vendor-random_org_10k.bin,45532.43943948413,78128.91339682539,58.27860322108902,51.53315000898377,64.35042076531444,False
cold/q7/mbrotli/binary-256KiB,7332137.1,11756949.1,62.364283774946344,60.437441899387835,64.38765958110112,False
cold/q7/mbrotli/compressible-256KiB,161930.38962121215,46411.96487003968,348.89794059493283,341.30210955840676,355.5026795606184,True
cold/q7/mbrotli/incompressible-256KiB,2054650.0327380951,921415.1482142856,222.98852332957986,217.65346664314615,229.3191427096974,True
cold/q7/mbrotli/text-1KiB,10233.262103617984,16955.03651943332,60.355293790661825,58.00176246638211,62.6893143865244,False
cold/q7/mbrotli/text-1MiB,4235653.066666667,3843987.499999999,110.18904371220428,105.57634759112548,115.13485261978623,True
cold/q7/mbrotli/vendor-alice29.txt,4897821.266666668,4309331.0,113.65618623091768,109.13301431110445,119.96862866427432,True
cold/q7/mbrotli/vendor-lcet10.txt,10942713.7,12127171.9,90.23302209478864,84.96821533607111,94.04602410342027,False
cold/q7/mbrotli/vendor-mapsdatazrh,6403303.45,6788868.1,94.32063424534644,91.58518546879219,97.114136727899,False
cold/q7/mbrotli/vendor-plrabn12.txt,15239778.7,15807838.4,96.40646819871337,94.16467541025168,98.96470614833511,True
cold/q7/mbrotli/vendor-quickfox_repeated,128567.3356462585,29079.137875064003,442.12911744026565,433.1732026602186,450.99925826977807,True
cold/q7/mbrotli/vendor-random_org_10k.bin,45863.26016269842,72130.02319139194,63.58414725724334,62.191433227563856,64.8305711937638,False
cold/q8/mbrotli/binary-256KiB,7150471.45,9960812.6,71.78602526866132,69.76900734108479,74.28509621672903,False
cold/q8/mbrotli/compressible-256KiB,103454.6107306256,46228.9007827381,223.78773663001655,220.6191785951951,227.3852338755397,True
cold/q8/mbrotli/incompressible-256KiB,596430.7526719577,945586.1701984128,63.07524067815081,60.83275816140279,64.96236194173052,False
cold/q8/mbrotli/text-1KiB,10926.90130287045,17316.903349430966,63.099626315287544,61.52991118712908,64.80226137526883,False
cold/q8/mbrotli/text-1MiB,2863102.7211904763,3721728.1000000006,76.92938990332142,73.57019320284253,81.05554011176267,False
cold/q8/mbrotli/vendor-alice29.txt,3534170.023690476,4713946.233333333,74.9726417900059,73.77237275108168,76.07398052482193,False
cold/q8/mbrotli/vendor-lcet10.txt,10348744.7,13308218.6,77.76205825173325,75.77797777683968,79.60464035255791,False
cold/q8/mbrotli/vendor-mapsdatazrh,5321528.6,7328949.5,72.60970484241977,71.05452277065389,74.35525998761553,False
cold/q8/mbrotli/vendor-plrabn12.txt,14931436.0,18036064.3,82.78655338348955,80.79338712926227,85.07873286036889,False
cold/q8/mbrotli/vendor-quickfox_repeated,62970.226980021886,30248.280881472805,208.17787042764274,200.13542774484216,215.4790778833594,True
cold/q8/mbrotli/vendor-random_org_10k.bin,48677.75786654135,72312.86368894993,67.31548908908687,65.3040841944778,69.40500236071281,False
cold/q9/mbrotli/binary-256KiB,20828720.7,19415109.1,107.28098715654396,103.86321963419518,111.16411295535907,True
cold/q9/mbrotli/compressible-256KiB,47097.49652218153,47771.72995196324,98.58863509766196,97.03906868471151,100.18911853512373,True
cold/q9/mbrotli/incompressible-256KiB,8228474.35,1137061.540873016,723.6613018924483,703.5135811337985,741.7016567719622,True
cold/q9/mbrotli/text-1KiB,141479.88398656895,18702.8124014073,756.4631508356639,743.0590397800887,771.6690602293687,True
cold/q9/mbrotli/text-1MiB,10226333.6,3785257.2333333334,270.1621836937775,261.0138000374086,280.30382578994903,True
cold/q9/mbrotli/vendor-alice29.txt,11972546.3,5440357.5,220.06910942893,211.80517926435238,229.16569210324997,True
cold/q9/mbrotli/vendor-lcet10.txt,21284876.8,15673782.4,135.7992363094182,131.94668176365897,139.83104261970166,True
cold/q9/mbrotli/vendor-mapsdatazrh,16221062.3,16795665.5,96.57886018270607,92.60833180844678,100.1422295679757,True
cold/q9/mbrotli/vendor-plrabn12.txt,27164234.7,22334516.1,121.62446044667159,119.51253272881047,123.72881109192693,True
cold/q9/mbrotli/vendor-quickfox_repeated,65633.36441434045,31961.767181147316,205.34961049667606,196.45327759666992,217.21705689389302,True
cold/q9/mbrotli/vendor-random_org_10k.bin,2193058.3104365077,88664.38771352985,2473.4376078050277,2418.5331601815906,2538.636126968227,True
dictionary/q11/mbrotli/alice29-half,75239660.67746031,80780614.21813491,93.1407385369562,92.32528265899109,93.8826317842418,False
dictionary/q5/mbrotli/alice29-half,1869921.6070238096,2691337.2361507933,69.47927528020273,68.09247811586388,71.02085814809367,False
dictionary/q9/mbrotli/alice29-half,8895390.3,3250323.8859126987,273.6770430341946,266.6790070104093,280.83008145210067,True
flush/q1/mbrotli/1,58296.2261359127,46110.409327380956,126.42747480728967,123.97456391061124,128.64820778841374,True
flush/q1/mbrotli/256,885679.1856878307,962987.0175992062,91.97207952978336,88.61815684539937,95.80322030469588,False
flush/q1/mbrotli/32,140901.5640140415,150456.2298168498,93.64953793243444,89.01687440054106,98.31932663428286,False
flush/q1/mbrotli/4,69616.31741181659,76054.20167724867,91.53513662170496,80.16685127522932,107.25481015139493,False
flush/q11/mbrotli/1,374233269.7,366373725.4,102.14522596876158,101.71171001034816,102.58103986051569,True
flush/q11/mbrotli/256,433656620.7,419129180.7,103.46610082737196,102.77190211218826,104.31347184124374,True
flush/q11/mbrotli/32,409813084.4,391322675.8,104.7251053270039,103.66692328435961,105.70757722202981,True
flush/q11/mbrotli/4,383786278.4,361040306.3,106.30011987667095,103.04249859854986,110.44526789088614,True
flush/q2/mbrotli/1,169296.79897546896,176713.85462301588,95.80278769688447,94.06037754271365,97.9134341197307,True
flush/q2/mbrotli/256,226472.09195932542,240242.39436011907,94.26816302032346,90.82118925664676,97.74345576268603,False
flush/q2/mbrotli/32,178947.77847402595,188723.52244047617,94.82007126613827,91.97996654144995,98.05684289523482,False
flush/q2/mbrotli/4,175664.47490259737,184038.58376984127,95.44980802627967,93.1208465342209,97.91335436586884,True
flush/q5/mbrotli/1,507357.129077381,803417.6161904761,63.14986363917313,61.349605558033566,65.07357708763074,False
flush/q5/mbrotli/256,1416002.9215079367,1897771.756329365,74.61397382405687,70.93005761621522,77.89622350534094,False
flush/q5/mbrotli/32,627619.6742724867,965550.8630753967,65.00120276144146,63.38623182069538,66.81839102311088,False
flush/q5/mbrotli/4,514329.9051058201,813420.9607407406,63.23047105123112,61.08973669832266,65.31059185909142,False
flush/q9/mbrotli/1,2905757.7182936505,892071.7823809523,325.73137898590875,314.1047986536823,336.37823001053556,True
flush/q9/mbrotli/256,3778242.7333333334,2112460.1838095235,178.85509806484524,172.20571469569694,185.37878497472212,True
flush/q9/mbrotli/32,2790700.7005158733,1093796.1045238094,255.13902353225345,249.413784459303,260.4748746951977,True
flush/q9/mbrotli/4,2708162.205,902481.1223611111,300.07965129672584,287.4541572078373,313.96702973503193,True
presized/q0/mbrotli/binary-256KiB,307475.1892063492,415563.5227857143,73.9899371208524,72.55058851139837,75.6050950695894,False
presized/q0/mbrotli/compressible-256KiB,38942.29034701114,39395.10879432625,98.85057190810367,96.47561919367037,101.05536361106762,True
presized/q0/mbrotli/incompressible-256KiB,18921.193936988937,25472.948477182537,74.27955956467956,71.78806904211868,77.00743390913333,False
presized/q0/mbrotli/text-1KiB,1814.8721258172209,1595.4424034089325,113.75353456442174,109.36371042692026,119.05793596875795,True
presized/q0/mbrotli/text-1MiB,100995.8475459482,90666.36844246033,111.39284530850408,108.10770817980146,115.45307390591029,True
presized/q0/mbrotli/vendor-alice29.txt,361511.0943650793,374692.88721428567,96.48197409157977,94.42942135112436,98.52240608896034,True
presized/q0/mbrotli/vendor-lcet10.txt,1036080.7317261907,1031960.5721230159,100.39925552530543,92.9386149951704,106.95705987754206,True
presized/q0/mbrotli/vendor-mapsdatazrh,469325.9255654762,471767.5189186508,99.48245836025951,96.41869388753285,103.09027266997435,True
presized/q0/mbrotli/vendor-plrabn12.txt,1401438.8942658731,1438434.6496626986,97.42805448926715,93.24611122240186,100.89586188344877,True
presized/q0/mbrotli/vendor-quickfox_repeated,19419.87084357399,18564.298956106253,104.60869483674372,103.08022717079909,106.14415849702745,True
presized/q0/mbrotli/vendor-random_org_10k.bin,7828.724542282432,8985.058113583793,87.13048311225509,85.27324015940403,89.08404425922991,False
presized/q1/mbrotli/binary-256KiB,628004.916957672,588237.9103472222,106.76036105646035,104.74854737054737,108.89582746481383,True
presized/q1/mbrotli/compressible-256KiB,16503.220641774893,14063.748454822955,117.3458178293523,115.78152625988668,118.69934785827769,True
presized/q1/mbrotli/incompressible-256KiB,25499.051074184303,28732.618703497028,88.74600445340134,87.6348607424097,89.77272285482313,False
presized/q1/mbrotli/text-1KiB,2393.313671129002,2306.028287832086,103.78509594862663,101.47690077641825,106.25449430387704,True
presized/q1/mbrotli/text-1MiB,190248.085468254,155729.8549107143,122.16545477251634,119.25186590302147,125.08220249315963,True
presized/q1/mbrotli/vendor-alice29.txt,500976.11,520536.205188492,96.2423180187036,93.38428986999749,99.21887666724062,True
presized/q1/mbrotli/vendor-lcet10.txt,1339723.6449206348,1392355.452579365,96.2199445866191,93.60176463179178,99.40412057420124,True
presized/q1/mbrotli/vendor-mapsdatazrh,648479.6142724867,662166.8246296295,97.93296645980436,92.71955372902814,102.75643536058884,True
presized/q1/mbrotli/vendor-plrabn12.txt,1830233.64734127,1950907.2290079365,93.81448897864657,90.85186385778624,97.20013072560525,False
presized/q1/mbrotli/vendor-quickfox_repeated,13953.553552808302,12708.045161804159,109.80094400945077,107.94579001420308,111.68056877492509,True
presized/q1/mbrotli/vendor-random_org_10k.bin,22378.422707974754,15741.844243677693,142.15883705597247,138.33922034909227,146.52225189729666,True
presized/q10/mbrotli/binary-256KiB,322464457.8,383694613.2,84.04195594789758,83.41755945596702,84.58779267147919,False
presized/q10/mbrotli/compressible-256KiB,4772131.144880952,5270966.867763348,90.53616280661485,89.64472243032354,91.3485267990907,False
presized/q10/mbrotli/incompressible-256KiB,21495360.237169314,24465524.460661374,87.85979745389129,84.82673028543884,89.86665736919346,False
presized/q10/mbrotli/text-1KiB,268698.7163474726,279699.7580983875,96.06683901848598,93.65724171055612,99.89484265037693,True
presized/q10/mbrotli/text-1MiB,101895387.47785714,118251815.36666667,86.16813802131266,85.5490023457215,86.81131646678796,False
presized/q10/mbrotli/vendor-alice29.txt,46318865.2829365,50399563.49337302,91.90330644238001,90.22921533120866,93.78211232690848,False
presized/q10/mbrotli/vendor-lcet10.txt,150392264.65,162276643.5,92.67646988890301,92.12609284816884,93.20194667542324,False
presized/q10/mbrotli/vendor-mapsdatazrh,132499007.3,142342843.83333334,93.08441768603463,92.13204274016853,94.17510942176372,False
presized/q10/mbrotli/vendor-plrabn12.txt,167855380.6,182965479.3,91.74155761086239,90.14906873638853,93.52570373924208,False
presized/q10/mbrotli/vendor-quickfox_repeated,2748149.8920238093,4015446.504274377,68.43945969890144,65.18168972451842,74.31475744817553,False
presized/q10/mbrotli/vendor-random_org_10k.bin,4757458.570297619,5357757.637132036,88.79570321221638,87.83279237883845,89.93766126393889,False
presized/q11/mbrotli/binary-256KiB,443616700.9,492335369.5,90.10457675436216,89.52408752461561,90.68142512186006,False
presized/q11/mbrotli/compressible-256KiB,5997781.471246032,6716781.854290123,89.29546323460164,88.64715933607484,89.9729861479617,False
presized/q11/mbrotli/incompressible-256KiB,36354151.46458333,39749273.434841275,91.4586565316134,90.41813500225906,92.99747597929235,False
presized/q11/mbrotli/text-1KiB,1390045.7803551587,1395965.805625,99.57591903426382,97.30968853564382,101.21029821685418,True
presized/q11/mbrotli/text-1MiB,1747235085.3,1705547446.7,102.44423798825765,101.1451382829966,103.76766365279961,True
presized/q11/mbrotli/vendor-alice29.txt,136863344.63333333,141345868.3,96.8286843325673,95.41335278041879,98.13564766254262,True
presized/q11/mbrotli/vendor-lcet10.txt,410073965.4,420349707.4,97.55543020035418,96.00286546488168,98.86227348636392,True
presized/q11/mbrotli/vendor-mapsdatazrh,383830976.7,388587484.7,98.77594925537241,95.56232202821194,102.47755110203374,True
presized/q11/mbrotli/vendor-plrabn12.txt,433695740.6,446904680.8,97.04434955204434,96.10101635070119,97.98532559875228,True
presized/q11/mbrotli/vendor-quickfox_repeated,3632287.7203149805,4605023.139345238,78.87664427309338,77.96811556397448,79.82399782542575,False
presized/q11/mbrotli/vendor-random_org_10k.bin,10406266.323670635,10981950.152198413,94.75790892738176,93.64838080903176,96.01871150229215,False
presized/q2/mbrotli/binary-256KiB,905958.8976190476,1080205.5744246033,83.86911890374458,81.97745129432207,86.1862835726389,False
presized/q2/mbrotli/compressible-256KiB,110777.68781979459,14235.770397748249,778.1643333986119,759.2378176546503,801.662023639322,True
presized/q2/mbrotli/incompressible-256KiB,107444.34689373898,107335.4268837535,100.10147629086475,97.00928259788053,103.26667455196466,True
presized/q2/mbrotli/text-1KiB,2156.5071763214855,2840.780812845768,75.91248034941465,74.6707015293747,77.26894637112122,False
presized/q2/mbrotli/text-1MiB,644845.3656084656,719994.1948809524,89.56257844760647,86.98328081134608,92.11364197825998,False
presized/q2/mbrotli/vendor-alice29.txt,896224.7007142858,1030643.5967460318,86.95777119693598,84.78242620882376,89.15676369300041,False
presized/q2/mbrotli/vendor-lcet10.txt,2371888.8869841276,2737622.478174603,86.64046653231968,85.05775616971441,88.53141346286435,False
presized/q2/mbrotli/vendor-mapsdatazrh,1211818.4162698411,1430675.0271825397,84.70256300316518,80.73678568270223,88.39144249838583,False
presized/q2/mbrotli/vendor-plrabn12.txt,3073743.3811111115,3463812.6488492065,88.73873077784133,87.34661179633358,90.05208250566653,False
presized/q2/mbrotli/vendor-quickfox_repeated,72578.65143492063,10427.817203821938,696.0100087707671,652.1917466452892,727.9685311048457,True
presized/q2/mbrotli/vendor-random_org_10k.bin,27803.859466089467,27834.017609571187,99.89165005244752,96.26127247696652,103.59876603080284,True
presized/q3/mbrotli/binary-256KiB,1323131.3574801588,1533540.2624206347,86.27953174125643,84.41003549261798,88.45600264417956,False
presized/q3/mbrotli/compressible-256KiB,115393.22934275796,16977.805710916444,679.6710441123852,659.8291453842409,704.6291466413742,True
presized/q3/mbrotli/incompressible-256KiB,119136.34701884922,142811.9568070818,83.42182943392136,79.69638583787784,87.20656416002682,False
presized/q3/mbrotli/text-1KiB,5824.327842701014,6498.3601006683375,89.62765609283484,86.76772244696,92.41370246664887,False
presized/q3/mbrotli/text-1MiB,758704.4043783068,836102.3919708995,90.74300129555347,86.75061584882997,95.04287641745098,False
presized/q3/mbrotli/vendor-alice29.txt,1061063.9928571428,1224795.1126984127,86.63195842767979,83.98280860103065,88.9772924114893,False
presized/q3/mbrotli/vendor-lcet10.txt,2805968.8213888886,3213332.345079365,87.32270801947143,85.07550669955523,89.1458303466259,False
presized/q3/mbrotli/vendor-mapsdatazrh,1501015.5959920636,1679645.6811507936,89.36501387385802,87.39213288993024,91.28917872484404,False
presized/q3/mbrotli/vendor-plrabn12.txt,3718769.0666666664,4205253.866666666,88.43149984698506,85.81212389446341,90.9754939714263,False
presized/q3/mbrotli/vendor-quickfox_repeated,72575.13889365079,11198.244977013164,648.0938668749171,639.2341842293125,657.0861484707702,True
presized/q3/mbrotli/vendor-random_org_10k.bin,31064.783226190477,29925.622503903207,103.80664001939705,100.01931586736808,108.71090902315044,True
presized/q4/mbrotli/binary-256KiB,2236064.211507936,2753374.9098015875,81.21175955907401,77.36148022664112,84.41347362618357,False
presized/q4/mbrotli/compressible-256KiB,101871.42476399333,23286.78722222222,437.4644891622447,419.2296600027706,464.4139803792756,True
presized/q4/mbrotli/incompressible-256KiB,159185.21621031745,192914.93850000002,82.51575406656102,81.03207036507442,84.1896658919497,False
presized/q4/mbrotli/text-1KiB,9084.958071895424,10205.598724019994,89.01935415619448,86.80637304897658,91.30067848649531,False
presized/q4/mbrotli/text-1MiB,1007057.6654761906,1090221.8497023808,92.37181090721185,90.09193471311981,94.52388504197076,False
presized/q4/mbrotli/vendor-alice29.txt,1609710.509186508,1858048.5062698412,86.63447179956088,83.76033084182204,89.54194075341157,False
presized/q4/mbrotli/vendor-lcet10.txt,4046018.4333333336,4597736.5,88.00022431327533,85.86056683693411,90.23736938572767,False
presized/q4/mbrotli/vendor-mapsdatazrh,2000192.4351984125,2289621.614047619,87.35908251942335,83.47093962705728,92.07337947814007,False
presized/q4/mbrotli/vendor-plrabn12.txt,5323645.2,6152865.0,86.52302951551837,84.29135752397414,88.65406250137227,False
presized/q4/mbrotli/vendor-quickfox_repeated,60947.224932539684,19524.816633316448,312.1526110956736,304.07853083152025,319.6976619343979,True
presized/q4/mbrotli/vendor-random_org_10k.bin,44939.42416468254,55053.26276695527,81.62899328040668,80.41048711630746,82.75282008507884,False
presized/q5/mbrotli/binary-256KiB,2684291.651904762,4227987.1,63.4886433760586,60.89689059409563,65.61706603378032,False
presized/q5/mbrotli/compressible-256KiB,102604.818840388,28313.26291046627,362.3913611258812,356.67782549025037,368.145444670538,True
presized/q5/mbrotli/incompressible-256KiB,296696.84367913834,360163.25023809524,82.37843352507487,78.82676234066555,86.12324008480272,False
presized/q5/mbrotli/text-1KiB,9700.403912698413,14100.334847374845,68.79555711050652,66.79290119377619,71.25924864449885,False
presized/q5/mbrotli/text-1MiB,2260268.542777778,2590920.5987698413,87.23804750523597,84.75411118209504,89.57398602192262,False
presized/q5/mbrotli/vendor-alice29.txt,2312795.3561904766,2834561.6325793653,81.5926995415479,79.10594686803249,84.56820693115715,False
presized/q5/mbrotli/vendor-lcet10.txt,6117762.6,7418816.2,82.46278698749808,81.1821795461404,83.95602962200869,False
presized/q5/mbrotli/vendor-mapsdatazrh,2851973.907857143,3754055.3,75.97048205062784,74.42621929444682,77.29726667159666,False
presized/q5/mbrotli/vendor-plrabn12.txt,8113164.75,10207381.5,79.48331068060892,77.66554280532694,81.25679788355731,False
presized/q5/mbrotli/vendor-quickfox_repeated,61020.69169444445,18827.419788087056,324.10543973240004,318.6484456902776,330.1699018071743,True
presized/q5/mbrotli/vendor-random_org_10k.bin,45831.141400226756,56775.179600769596,80.7239038652121,75.92065331554748,87.76011223990459,False
presized/q6/mbrotli/binary-256KiB,3204355.960277778,4986534.766666668,64.26017485524889,62.227888526392995,65.8243569647435,False
presized/q6/mbrotli/compressible-256KiB,106262.78954365078,28637.688863693627,371.05923613259495,357.36655424356337,384.89603736393343,True
presized/q6/mbrotli/incompressible-256KiB,350200.8920767196,413025.0558650793,84.78926087019715,79.96157959366188,89.58483545876891,False
presized/q6/mbrotli/text-1KiB,9783.868251337368,14253.34869047619,68.6425938479619,67.27720490255952,70.08377213184315,False
presized/q6/mbrotli/text-1MiB,2872375.785357143,3086333.6817857143,93.06757083035887,88.28901208567999,98.16675967689515,False
presized/q6/mbrotli/vendor-alice29.txt,2571529.5204761904,3493894.4395238096,73.60066438717793,70.97952534383741,76.27376023268774,False
presized/q6/mbrotli/vendor-lcet10.txt,6982209.0,8412043.0,83.00253576925368,81.31977573837844,84.74208493028003,False
presized/q6/mbrotli/vendor-mapsdatazrh,3142841.936309524,4064871.9666666663,77.31711999988923,75.30622229330797,79.3105329269587,False
presized/q6/mbrotli/vendor-plrabn12.txt,9611106.15,11688303.4,82.2284109257465,79.65653212584199,85.19494426450517,False
presized/q6/mbrotli/vendor-quickfox_repeated,61156.34483358935,18583.397708834378,329.091298543948,321.9566343030873,337.18430113759797,True
presized/q6/mbrotli/vendor-random_org_10k.bin,44740.82388017809,56666.91350048101,78.95405116743885,76.4932604818439,81.27555396398776,False
presized/q7/mbrotli/binary-256KiB,5471674.9,8097530.9,67.572139798812,65.9265940676208,69.32298952840138,False
presized/q7/mbrotli/compressible-256KiB,104635.53278439151,33910.84010141093,308.5607212073697,296.0328947963731,318.56678460990884,True
presized/q7/mbrotli/incompressible-256KiB,520411.42736111116,768184.8909656085,67.7455952963295,64.46605587080337,72.27076061131142,False
presized/q7/mbrotli/text-1KiB,10567.524776979693,14434.235224237844,73.2115322551679,69.31230791247357,77.17881154228105,False
presized/q7/mbrotli/text-1MiB,2269908.851031746,3577491.833333333,63.44972837902344,61.10881380070331,66.28811378238457,False
presized/q7/mbrotli/vendor-alice29.txt,3157157.3755555553,4095554.4333333336,77.08742313030312,74.95787492293557,79.0033812147481,False
presized/q7/mbrotli/vendor-lcet10.txt,8918127.5,11849524.5,75.26147990157749,73.61842343938451,76.74240349080694,False
presized/q7/mbrotli/vendor-mapsdatazrh,4770077.133333334,6741243.9,70.75959873419404,68.4536122217823,73.23271288493531,False
presized/q7/mbrotli/vendor-plrabn12.txt,12345365.2,16038216.9,76.97467416094116,75.52994952168088,78.48735308763607,False
presized/q7/mbrotli/vendor-quickfox_repeated,62956.85378259637,19067.697900545638,330.1754313025633,318.17123561960057,341.42367587871627,True
presized/q7/mbrotli/vendor-random_org_10k.bin,45509.03093406594,60698.16646825396,74.97595657665842,72.26776047229379,77.79900319057053,False
presized/q8/mbrotli/binary-256KiB,7148201.7,10065039.4,71.0201064886045,68.62896482953552,73.47525233047432,False
presized/q8/mbrotli/compressible-256KiB,104563.38990079364,32970.42292446145,317.1430046267798,310.9513327384937,325.6882670391231,True
presized/q8/mbrotli/incompressible-256KiB,602760.6076587301,764833.9176455027,78.8093458922813,75.64675192358251,83.58977290471962,False
presized/q8/mbrotli/text-1KiB,11384.052600579016,15812.267463269052,71.99506729204705,67.21966644260608,76.52632537146386,False
presized/q8/mbrotli/text-1MiB,2907373.349563492,3636937.0,79.9401625478663,75.27740354349665,84.2769996427803,False
presized/q8/mbrotli/vendor-alice29.txt,3533956.350952381,4306840.5,82.05449797716867,80.52382026730186,83.49167193390471,False
presized/q8/mbrotli/vendor-lcet10.txt,10482087.4,13300960.3,78.80699711583982,76.63507293987962,81.41934338080648,False
presized/q8/mbrotli/vendor-mapsdatazrh,5383844.25,7404281.05,72.71258632193602,70.51280491853367,75.08175228089945,False
presized/q8/mbrotli/vendor-plrabn12.txt,14770020.9,18193460.1,81.18313294346906,79.64656434394212,82.61325729647957,False
presized/q8/mbrotli/vendor-quickfox_repeated,63265.15303366175,18979.26080863298,333.3383405790215,323.3815380955087,343.92099972873416,True
presized/q8/mbrotli/vendor-random_org_10k.bin,48597.58972535506,59831.18535317461,81.22451433728197,79.50516990042568,82.82561524245052,False
presized/q9/mbrotli/binary-256KiB,20315951.3,20259685.8,100.27772148371619,95.410877587611,104.38675888342699,True
presized/q9/mbrotli/compressible-256KiB,47025.366921041925,35200.44774801588,133.59309306993848,130.4867702652466,136.45099899308994,True
presized/q9/mbrotli/incompressible-256KiB,8251313.25,974858.4115674604,846.4114534061245,824.2197539765777,866.20588954469,True
presized/q9/mbrotli/text-1KiB,143250.50130647133,16721.825483236906,856.6678407813511,836.2983324298224,878.9959183857909,True
presized/q9/mbrotli/text-1MiB,10646045.2,3747932.3930952386,284.0511536337489,272.5642044925731,295.2940645086768,True
presized/q9/mbrotli/vendor-alice29.txt,11478085.0,5296861.55,216.69596027104012,210.35957691624645,223.24060424017506,True
presized/q9/mbrotli/vendor-lcet10.txt,23394095.9,15493596.7,150.99202820995077,134.91738694063912,174.0396158776637,True
presized/q9/mbrotli/vendor-mapsdatazrh,16428401.7,16541375.3,99.3170241412756,96.78782399301336,101.90365969574657,True
presized/q9/mbrotli/vendor-plrabn12.txt,27401991.6,26065344.0,105.1280642987102,90.53840539389641,123.01771158561858,True
presized/q9/mbrotli/vendor-quickfox_repeated,63215.6733798577,20690.171110665236,305.5348022098845,296.694736089799,313.6218719156486,True
presized/q9/mbrotli/vendor-random_org_10k.bin,2572838.668015873,78517.60125992063,3276.766771693496,2872.440824306694,3718.257664226362,True
reused/q0/mbrotli/binary-256KiB,313262.6092592593,403643.66153968254,77.6087027018662,76.32310976233633,78.8641595639489,False
reused/q0/mbrotli/compressible-256KiB,39354.4722196893,38880.8505426156,101.21813610161276,99.47374838725388,103.20299008194439,True
reused/q0/mbrotli/incompressible-256KiB,18751.943462908974,23860.617525062662,78.58951447175393,77.03990171589606,80.27897617162277,False
reused/q0/mbrotli/text-1KiB,1704.1326309411604,1636.8024315511752,104.11352024484574,103.06799730165713,105.2060072199949,True
reused/q0/mbrotli/text-1MiB,99174.16629908104,91868.38752579366,107.95244040964162,104.69870871603744,111.4306877253186,True
reused/q0/mbrotli/vendor-alice29.txt,365036.5741190476,373335.7163809524,97.77702965514386,96.23994363454031,99.22135556165827,True
reused/q0/mbrotli/vendor-lcet10.txt,1014373.9351388889,1004121.0185515871,101.02108375363872,98.98776559917815,103.69093479440085,True
reused/q0/mbrotli/vendor-mapsdatazrh,475200.3266468254,465644.9594742063,102.05207142871444,98.50910556831194,105.0757919893802,True
reused/q0/mbrotli/vendor-plrabn12.txt,1397414.9303174603,1390914.3621626985,100.46735933797206,99.68659742845013,101.36271362370636,True
reused/q0/mbrotli/vendor-quickfox_repeated,20156.818850069016,18922.1096073082,106.52521980045998,103.73774688761424,109.90499142572918,True
reused/q0/mbrotli/vendor-random_org_10k.bin,9106.258703377902,8990.514031117398,101.28740883847014,99.65404487158173,102.86888931553744,True
reused/q1/mbrotli/binary-256KiB,634208.6378703703,613845.8671957672,103.3172448920486,100.46674866942635,105.91389425796123,True
reused/q1/mbrotli/compressible-256KiB,16855.20710762498,13968.479991518234,120.66600745291964,118.09478297279492,123.45384670951603,True
reused/q1/mbrotli/incompressible-256KiB,25730.725469954647,28943.92244815668,88.89854343702932,87.10550524071297,90.43227194215194,False
reused/q1/mbrotli/text-1KiB,2435.8587068622523,2350.862762967049,103.61552129856909,102.26492309503054,104.99621755570558,True
reused/q1/mbrotli/text-1MiB,187970.7923809524,155665.01571428572,120.75339569294239,118.15530867109784,123.35003479625172,True
reused/q1/mbrotli/vendor-alice29.txt,484667.84422619053,523589.4251984127,92.5663928454107,90.38948065299387,94.18596260868324,False
reused/q1/mbrotli/vendor-lcet10.txt,1332429.5973015875,1403078.8500198415,94.96469833343615,92.78337699669797,96.90854040741434,False
reused/q1/mbrotli/vendor-mapsdatazrh,659877.0851984128,685488.7630026456,96.2637348434355,92.92943212561383,99.42976499315874,True
reused/q1/mbrotli/vendor-plrabn12.txt,1840461.1103174605,1936536.218452381,95.03881687213159,92.30667880915274,98.19245804164903,True
reused/q1/mbrotli/vendor-quickfox_repeated,14134.143549280177,12694.044996646546,111.34467817794935,109.17353982991546,113.52477522227349,True
reused/q1/mbrotli/vendor-random_org_10k.bin,22291.97484368951,16072.728674463937,138.694401524407,134.49898088742913,142.07838329365973,True
reused/q10/mbrotli/binary-256KiB,329199027.0,385776785.0,85.33406876725358,82.81069263207077,88.14383193192046,False
reused/q10/mbrotli/compressible-256KiB,4751962.941722884,5266843.2638059165,90.22411914891556,89.56078713825643,90.8817894545952,False
reused/q10/mbrotli/incompressible-256KiB,21442907.481441796,23987554.584325396,89.39180276197727,88.4682823810521,90.39317587334453,False
reused/q10/mbrotli/text-1KiB,264271.6477754662,279846.134085277,94.43462516974961,93.58871579074345,95.2804007412884,False
reused/q10/mbrotli/text-1MiB,102605475.6636111,120075801.2,85.45058591173581,84.29130855665467,86.29511705805551,False
reused/q10/mbrotli/vendor-alice29.txt,45988580.567499995,50059416.3493254,91.86799192100396,91.41365248112784,92.33012805653595,False
reused/q10/mbrotli/vendor-lcet10.txt,150537294.1,161832150.9,93.02063481379582,92.40468931868698,93.61187387395782,False
reused/q10/mbrotli/vendor-mapsdatazrh,130283298.86666667,137518257.46666667,94.73891050302635,94.12179098349768,95.35259513719639,False
reused/q10/mbrotli/vendor-plrabn12.txt,166628047.8,179565782.6,92.79498877087289,92.2175982183722,93.40566542728425,False
reused/q10/mbrotli/vendor-quickfox_repeated,2645443.150436508,3511929.014179067,75.32735256765703,74.7050949634553,75.99041181000787,False
reused/q10/mbrotli/vendor-random_org_10k.bin,4756087.630740741,5616587.249031746,84.67931538961943,84.11205007264223,85.30008925626015,False
reused/q11/mbrotli/binary-256KiB,437407468.3,489217582.4,89.40959688206006,89.04975609392038,89.76185568483706,False
reused/q11/mbrotli/compressible-256KiB,5951693.339349207,6666346.2053521825,89.27969169334162,88.535267483286,89.90557585048529,False
reused/q11/mbrotli/incompressible-256KiB,36496450.568115085,40306724.65948413,90.54680298744519,89.07994535361921,92.39345897082033,False
reused/q11/mbrotli/text-1KiB,1405972.0295950347,1721604.1493720238,81.6663941073725,73.9234986709858,90.38646719706601,False
reused/q11/mbrotli/text-1MiB,1870132091.2,1679330974.1,111.3617339311124,105.31216506257692,119.53405460703081,True
reused/q11/mbrotli/vendor-alice29.txt,136497307.26666665,140270361.9,97.31015548671414,96.11405247252063,98.64106001084579,True
reused/q11/mbrotli/vendor-lcet10.txt,404821185.1,410584336.5,98.59635380903042,98.12845443720877,99.03453203919169,True
reused/q11/mbrotli/vendor-mapsdatazrh,377689758.6,383904125.6,98.38127110765282,97.36088130682235,99.50960883630823,True
reused/q11/mbrotli/vendor-plrabn12.txt,426111859.7,438602261.3,97.15222589984398,96.00180986571618,98.17862871031127,True
reused/q11/mbrotli/vendor-quickfox_repeated,3537510.1429414684,4435441.093208181,79.7555433293505,78.75933847710012,81.14642976531071,False
reused/q11/mbrotli/vendor-random_org_10k.bin,10388302.725502644,11542672.941642856,89.99910833498924,85.44143890176204,93.14522705424791,False
reused/q2/mbrotli/binary-256KiB,899605.4491005292,1090842.466626984,82.46886939433311,80.61633753256834,84.24375440641941,False
reused/q2/mbrotli/compressible-256KiB,112699.79793884221,14355.01323735696,785.0901707673553,764.5720733440506,808.0649227181011,True
reused/q2/mbrotli/incompressible-256KiB,107554.62494488535,110992.64882586365,96.90247604922718,93.87449390432313,99.87628945115641,True
reused/q2/mbrotli/text-1KiB,2147.6329037287496,2802.229950626825,76.64013808889418,75.24390495500556,78.20083046340056,False
reused/q2/mbrotli/text-1MiB,645082.6202116401,705979.4406084656,91.37413685243581,89.59985318293722,93.17011559557827,False
reused/q2/mbrotli/vendor-alice29.txt,908585.6196957672,1022720.0561706349,88.84010968727642,87.36577964471918,90.28535630183153,False
reused/q2/mbrotli/vendor-lcet10.txt,2581905.0289285714,2698494.9790079365,95.67944535801108,88.9343087538453,105.48345657377197,True
reused/q2/mbrotli/vendor-mapsdatazrh,1206205.6655357145,1416206.1683333332,85.17161501670633,83.50859503910957,87.01566028218748,False
reused/q2/mbrotli/vendor-plrabn12.txt,3319370.3650396825,3516468.923373016,94.3949864870617,87.71268007657261,104.72933870675517,False
reused/q2/mbrotli/vendor-quickfox_repeated,73540.52664285715,10152.56453762168,724.3541902180767,701.1342691403253,743.4623486233205,True
reused/q2/mbrotli/vendor-random_org_10k.bin,27937.424188644694,27190.946753731347,102.74531608507127,101.34830408079378,104.52349773525691,True
reused/q3/mbrotli/binary-256KiB,1384519.1754166665,1551718.663730159,89.22488385158921,86.2962913052518,92.5752034754367,False
reused/q3/mbrotli/compressible-256KiB,112648.65017113094,17205.33071771978,654.7310947944409,640.998021484462,667.3931139502665,True
reused/q3/mbrotli/incompressible-256KiB,131743.0573968254,142497.39733516483,92.45295693854366,87.91323177233767,96.46011408313208,False
reused/q3/mbrotli/text-1KiB,5954.977141411753,6478.20615918183,91.92324225389952,89.95421457696857,93.80856018827448,False
reused/q3/mbrotli/text-1MiB,760694.7461772489,834567.4582407407,91.14838335307074,86.79100333329747,94.78309840170729,False
reused/q3/mbrotli/vendor-alice29.txt,1089424.2518452383,1235822.863015873,88.15375442938748,85.79576514008025,90.48421299635854,False
reused/q3/mbrotli/vendor-lcet10.txt,2910703.6279365076,3221827.106865079,90.34325962849996,85.50431743209228,96.64563203058138,False
reused/q3/mbrotli/vendor-mapsdatazrh,1513726.9032936506,1690778.2749404765,89.52840982931018,87.8602306085431,91.27006115955838,False
reused/q3/mbrotli/vendor-plrabn12.txt,3805927.1,4281926.6,88.88352032937698,85.68438300903638,92.60704904035417,False
reused/q3/mbrotli/vendor-quickfox_repeated,76336.82214451057,11436.413981980633,667.4891470769412,637.0085495051001,718.119045064735,True
reused/q3/mbrotli/vendor-random_org_10k.bin,30565.22721362434,31302.84882552483,97.64359590396444,91.5264907688051,102.51084007774928,True
reused/q4/mbrotli/binary-256KiB,2283304.7265079366,2734111.1556349206,83.51177390144196,81.36590481395348,85.78175270132078,False
reused/q4/mbrotli/compressible-256KiB,100875.97339181285,24030.253007111936,419.78739617080953,405.6167315376534,432.6429389388219,True
reused/q4/mbrotli/incompressible-256KiB,160437.8555919312,199891.36281349207,80.26252527060271,77.17205874489568,83.26360963445258,False
reused/q4/mbrotli/text-1KiB,8993.097820238097,10190.99241632653,88.24555502397058,87.10182244111621,89.387186264112,False
reused/q4/mbrotli/text-1MiB,1043973.6650992064,1098190.9776984127,95.0630342353718,90.93764464326381,99.25499046862373,True
reused/q4/mbrotli/vendor-alice29.txt,1564061.0139285713,1838397.7516666665,85.07740028025027,83.48054959246373,86.56334060646859,False
reused/q4/mbrotli/vendor-lcet10.txt,4087459.0,4639185.633333333,88.10725250205373,85.46669374514703,90.98853528371427,False
reused/q4/mbrotli/vendor-mapsdatazrh,1991749.2927380954,2339351.6503174603,85.14108139611274,82.8698731893875,87.44780395276392,False
reused/q4/mbrotli/vendor-plrabn12.txt,5337632.5,6209875.55,85.95393670973004,84.24343228869138,87.7177412369457,False
reused/q4/mbrotli/vendor-quickfox_repeated,62577.218598795844,19468.165892012832,321.4335595140438,313.0983999327761,331.17002463720115,True
reused/q4/mbrotli/vendor-random_org_10k.bin,45997.247398809515,55268.00752044252,83.22581084870131,79.20890298184449,87.82373735598551,False
reused/q5/mbrotli/binary-256KiB,2745535.033492063,4186275.366666667,65.58419580693285,63.874735480786995,67.44899027888883,False
reused/q5/mbrotli/compressible-256KiB,105095.41923280424,28224.148530505954,372.3599283047008,364.70924445695374,381.00920628269114,True
reused/q5/mbrotli/incompressible-256KiB,293789.9070918368,352301.03445238096,83.39172422485382,81.26631954695236,85.97249781949121,False
reused/q5/mbrotli/text-1KiB,9894.682345491387,14110.39868616956,70.12333645249693,68.05361807185882,72.57230994727148,False
reused/q5/mbrotli/text-1MiB,2370914.5153968255,2582862.883531746,91.79405265814547,88.17065931242297,94.9593771105703,False
reused/q5/mbrotli/vendor-alice29.txt,2340424.3409920637,2888730.792261905,81.01912255933992,78.4628792697694,84.29563414951897,False
reused/q5/mbrotli/vendor-lcet10.txt,6325274.05,7542154.35,83.86561394092924,81.54699754107199,86.41420328952529,False
reused/q5/mbrotli/vendor-mapsdatazrh,3169639.46781746,3878766.0,81.71772846873104,72.61475981792893,95.44042605792541,False
reused/q5/mbrotli/vendor-plrabn12.txt,8357869.15,10260801.4,81.45435063191067,78.20706939588338,84.27189581108561,False
reused/q5/mbrotli/vendor-quickfox_repeated,60620.3514709907,18911.456369874337,320.5482977374392,315.0276085445047,325.440911496518,True
reused/q5/mbrotli/vendor-random_org_10k.bin,44235.39126306621,57339.11465897817,77.14697292791183,74.74427523819139,79.10981112240987,False
reused/q6/mbrotli/binary-256KiB,3199470.6781746033,4932003.133333334,64.87162703832702,63.832884969410124,65.9866330384817,False
reused/q6/mbrotli/compressible-256KiB,105382.87097222223,28412.521954822954,370.9029108355295,359.9449691278875,381.7842670422621,True
reused/q6/mbrotli/incompressible-256KiB,360841.5364365079,403437.6996746032,89.44169985292606,83.73733046122395,95.45130431401435,False
reused/q6/mbrotli/text-1KiB,10019.6265995116,14479.678501196777,69.19785269184986,67.156581249954,71.37372626089676,False
reused/q6/mbrotli/text-1MiB,2941970.64984127,3134045.311031746,93.87135021582556,85.83479724413927,100.81311325604744,False
reused/q6/mbrotli/vendor-alice29.txt,2590580.775357143,3508906.0264285714,73.82873054579588,69.64614093958231,76.80538765863517,False
reused/q6/mbrotli/vendor-lcet10.txt,6980682.2,8432118.0,82.78681821103547,81.13348370342474,84.42861265654493,False
reused/q6/mbrotli/vendor-mapsdatazrh,3231340.7985714283,4084285.833333333,79.11642158340848,73.6896172547232,84.62762850305585,False
reused/q6/mbrotli/vendor-plrabn12.txt,9878992.9,11462014.8,86.18897351275449,81.89879267007505,90.89224976212653,False
reused/q6/mbrotli/vendor-quickfox_repeated,59859.49849718382,19496.33310941043,307.0295227377451,291.19878617361593,320.4384617968797,True
reused/q6/mbrotli/vendor-random_org_10k.bin,44370.46095818815,57857.28113516113,76.68950231956761,74.22282667867147,78.98363021381381,False
reused/q7/mbrotli/binary-256KiB,5542426.1,8226736.65,67.37089487360701,65.24869801082205,69.71017849599086,False
reused/q7/mbrotli/compressible-256KiB,105259.24445105821,33563.496002886,313.6122781786717,305.83276230000683,320.7075161451251,True
reused/q7/mbrotli/incompressible-256KiB,520223.61697420635,751454.9025793651,69.2288539456648,66.27817948120811,73.87001600699233,False
reused/q7/mbrotli/text-1KiB,10066.081099452964,14554.059042619672,69.16339331849454,67.98688218781376,70.36327652233865,False
reused/q7/mbrotli/text-1MiB,2290031.836468254,3490730.01765873,65.60323556630149,63.72117326509588,67.72832840403264,False
reused/q7/mbrotli/vendor-alice29.txt,3138566.2937301593,3941356.866666666,79.63161925970299,77.75833842901729,81.24446522775695,False
reused/q7/mbrotli/vendor-lcet10.txt,8900015.2,11005121.4,80.87157675516417,77.24144992745944,83.55939816803952,False
reused/q7/mbrotli/vendor-mapsdatazrh,5411477.1,6394579.1,84.62600923960734,73.94245556171016,99.24438767233549,False
reused/q7/mbrotli/vendor-plrabn12.txt,12875506.2,14796110.2,87.01953436383572,81.54553625075015,93.69967337330006,False
reused/q7/mbrotli/vendor-quickfox_repeated,62946.907021164036,18766.267593005952,335.4258203406621,331.3144932391807,339.08912076116826,True
reused/q7/mbrotli/vendor-random_org_10k.bin,49524.97276675486,60282.557603785106,82.15473054787114,80.30343091154054,83.94619627485966,False
reused/q8/mbrotli/binary-256KiB,7073752.7,10269349.1,68.88219137471917,67.31178143222645,70.31972948267222,False
reused/q8/mbrotli/compressible-256KiB,104579.59293430335,33575.52211471862,311.4757011878557,304.16895882174225,320.20989346469213,True
reused/q8/mbrotli/incompressible-256KiB,628036.9402910053,748920.1833730158,83.85899515518838,77.47450905877055,92.88695280817156,False
reused/q8/mbrotli/text-1KiB,10945.304119047618,15155.088674078444,72.22197345350197,70.35229981558113,73.95201897727014,False
reused/q8/mbrotli/text-1MiB,2850030.52281746,3581078.043333334,79.58582550646113,77.28348626346391,82.24172807945986,False
reused/q8/mbrotli/vendor-alice29.txt,3518455.217698413,4187172.6666666665,84.02937967445686,82.30348944161155,85.38507231976617,False
reused/q8/mbrotli/vendor-lcet10.txt,10486535.0,12150533.2,86.30514255950513,84.72906396929268,88.00066563442125,False
reused/q8/mbrotli/vendor-mapsdatazrh,5356569.85,7250405.6,73.87958888810303,67.25330084008053,79.19412007431376,False
reused/q8/mbrotli/vendor-plrabn12.txt,14917446.2,17166931.3,86.89640529988024,84.84410084486571,88.8170245062489,False
reused/q8/mbrotli/vendor-quickfox_repeated,63341.49894909687,18957.89821509556,334.11667385501676,326.9914187214362,341.08055557757115,True
reused/q8/mbrotli/vendor-random_org_10k.bin,49333.15631703132,59505.56090629801,82.90511939668137,81.0510016482554,84.6736613620566,False
reused/q9/mbrotli/binary-256KiB,19654577.6,14887974.6,132.01646381100088,129.35121556065835,134.5990053001386,True
reused/q9/mbrotli/compressible-256KiB,47346.114509564504,34969.79368284493,135.39146081033644,133.02098260402641,137.83737186757395,True
reused/q9/mbrotli/incompressible-256KiB,8331978.65,950208.87640873,876.8575896165402,858.1674868243506,895.9839860565951,True
reused/q9/mbrotli/text-1KiB,141006.87191697193,16790.402789902997,839.8063684438065,826.3278834316302,853.2053654765688,True
reused/q9/mbrotli/text-1MiB,9965103.9,3583463.420039682,278.085827366689,269.904303892359,285.57535475666333,True
reused/q9/mbrotli/vendor-alice29.txt,11392859.4,5001780.55,227.7760746620521,221.99036190166356,235.05810200892316,True
reused/q9/mbrotli/vendor-lcet10.txt,21032431.8,14965094.5,140.54326085277978,138.146104567252,142.92440285967305,True
reused/q9/mbrotli/vendor-mapsdatazrh,16170959.7,10758384.7,150.31029425820776,145.39106641167112,155.3594095134921,True
reused/q9/mbrotli/vendor-plrabn12.txt,27032575.0,21889560.2,123.49528612274266,120.57484771082689,126.11455953847467,True
reused/q9/mbrotli/vendor-quickfox_repeated,62881.331130268205,20444.070505291005,307.5773540988047,297.5967461619262,316.4111726777209,True
reused/q9/mbrotli/vendor-random_org_10k.bin,2198259.4983333335,76183.76519179894,2885.4697490981616,2795.3250497633585,2964.2657087102434,True
streaming/q1/mbrotli-reader/binary-256KiB,652392.6976719575,614671.518994709,106.13680274936786,103.08154891155341,108.50267660227286,True
streaming/q1/mbrotli-session/binary-256KiB,652392.6976719575,597697.060595238,109.15106342036364,106.32900393785975,111.31526094283635,True
streaming/q1/mbrotli-writer/binary-256KiB,652392.6976719575,602410.7240674603,108.29699266756414,105.60996718028088,110.51194409258332,True
streaming/q1/mbrotli-reader/compressible-256KiB,27671.25598962149,26113.218091269842,105.96647220157263,104.39396478590186,107.36199582055461,True
streaming/q1/mbrotli-session/compressible-256KiB,27671.25598962149,17812.21557228447,155.3498826540003,153.7215010219537,157.07411421535463,True
streaming/q1/mbrotli-writer/compressible-256KiB,27671.25598962149,19572.942665906787,141.37504238348782,139.22262461627966,143.31272001252324,True
streaming/q1/mbrotli-reader/incompressible-256KiB,37360.903652380955,74935.5952959656,49.85735217665296,47.76896536190443,52.72637603587934,False
streaming/q1/mbrotli-session/incompressible-256KiB,37360.903652380955,54082.250305788984,69.08163665738189,65.71913796590498,73.52951352522274,False
streaming/q1/mbrotli-writer/incompressible-256KiB,37360.903652380955,47192.38413715914,79.16723076290417,75.7649576955452,83.75233403190217,False
streaming/q1/mbrotli-reader/text-1MiB,279338.9764455782,207160.53394179893,134.84179207804976,128.32204564364207,143.5295252175222,True
streaming/q1/mbrotli-session/text-1MiB,279338.9764455782,182318.71009920636,153.214651581058,141.13825424978438,167.06768984246028,True
streaming/q1/mbrotli-writer/text-1MiB,279338.9764455782,184709.4385238095,151.231566008778,142.35126020633348,162.61462892153568,True
streaming/q1/mbrotli-reader/vendor-alice29.txt,493724.6784722222,531110.307390873,92.9608541957487,91.48052982908746,94.44137278142748,False
streaming/q1/mbrotli-session/vendor-alice29.txt,493724.6784722222,703314.8469345238,70.19966671031847,63.858724841470845,78.6859454960776,False
streaming/q1/mbrotli-writer/vendor-alice29.txt,493724.6784722222,536877.8565079365,91.96219819599202,89.30482908401866,94.413808930134,False
streaming/q1/mbrotli-reader/vendor-lcet10.txt,1364874.7420833334,1406112.7577380952,97.06723266481856,95.6454660690339,98.94580329799369,True
streaming/q1/mbrotli-session/vendor-lcet10.txt,1364874.7420833334,1402124.8323015873,97.34331142562336,95.62792251826008,99.56073665817499,True
streaming/q1/mbrotli-writer/vendor-lcet10.txt,1364874.7420833334,1393849.181547619,97.92126437724671,95.90922233450381,100.23947695147285,True
streaming/q1/mbrotli-reader/vendor-mapsdatazrh,673030.0872751323,686404.7494973545,98.05149043155421,94.21588424451588,101.82185426518363,True
streaming/q1/mbrotli-session/vendor-mapsdatazrh,673030.0872751323,667705.6380423281,100.79742463286892,97.53808841236878,103.97214432181926,True
streaming/q1/mbrotli-writer/vendor-mapsdatazrh,673030.0872751323,672114.6694047619,100.13619965640403,97.02686454031598,103.31743752681301,True
streaming/q1/mbrotli-reader/vendor-plrabn12.txt,1867810.1949206349,1964545.941309524,95.0759234307136,93.09187776161163,97.0695698459591,True
streaming/q1/mbrotli-session/vendor-plrabn12.txt,1867810.1949206349,1984222.4767460315,94.13310335964425,90.64919609190245,97.53541388317446,False
streaming/q1/mbrotli-writer/vendor-plrabn12.txt,1867810.1949206349,1964328.4690873015,95.086449354801,93.08191116005102,97.33192923313533,True
streaming/q1/mbrotli-reader/vendor-quickfox_repeated,21289.06279903628,21675.071980780263,98.21911003531491,94.92991178292037,100.85046957405537,True
streaming/q1/mbrotli-session/vendor-quickfox_repeated,21289.06279903628,15488.013708483393,137.45508752601003,133.29698432719889,141.1777843710091,True
streaming/q1/mbrotli-writer/vendor-quickfox_repeated,21289.06279903628,17111.20712595532,124.41590264396797,122.14166064006088,126.92251739269784,True
streaming/q11/mbrotli-reader/binary-256KiB,438192749.3,489687406.2,89.4841778146591,88.79876555529054,90.02449598720182,False
streaming/q11/mbrotli-session/binary-256KiB,438192749.3,498721931.0,87.86314017139142,87.44318244140695,88.33035247806721,False
streaming/q11/mbrotli-writer/binary-256KiB,438192749.3,488012952.8,89.79121287372519,89.54736784224367,90.08350948932282,False
streaming/q11/mbrotli-reader/compressible-256KiB,6048175.559369489,6817771.943822752,88.71190777874939,87.5534818915054,89.78157051658071,False
streaming/q11/mbrotli-session/compressible-256KiB,6048175.559369489,6797161.547921628,88.98090058222675,87.93646412334272,90.05797977094873,False
streaming/q11/mbrotli-writer/compressible-256KiB,6048175.559369489,6798285.0187433865,88.96619577870317,88.04961032001872,89.81523244872915,False
streaming/q11/mbrotli-reader/incompressible-256KiB,36728953.77220238,39989009.876468256,91.84761984771153,91.05308818945775,92.66161791815512,False
streaming/q11/mbrotli-session/incompressible-256KiB,36728953.77220238,40357766.658214286,91.00839023937093,89.86976339911966,92.0589758509341,False
streaming/q11/mbrotli-writer/incompressible-256KiB,36728953.77220238,40613124.00825397,90.43616975817424,87.49694318831298,92.51383205546763,False
streaming/q11/mbrotli-reader/text-1MiB,1755844065.1,1697986831.8,103.40740176640044,102.74358514554946,104.13497024349303,True
streaming/q11/mbrotli-session/text-1MiB,1755844065.1,1687888274.6,104.02608345129386,103.21827836818962,104.95773786931413,True
streaming/q11/mbrotli-writer/text-1MiB,1755844065.1,1676568905.2,104.7284164494595,104.02542491801401,105.52387538445069,True
streaming/q11/mbrotli-reader/vendor-alice29.txt,135673968.33333334,140131077.9,96.81932827930765,96.39467524271497,97.28658966574248,True
streaming/q11/mbrotli-session/vendor-alice29.txt,135673968.33333334,141095494.2,96.15754854724011,94.86548003607199,97.28834145440867,True
streaming/q11/mbrotli-writer/vendor-alice29.txt,135673968.33333334,139434713.63333333,97.30286296575365,96.80242949827455,97.79875959376595,True
streaming/q11/mbrotli-reader/vendor-lcet10.txt,406879985.7,417133833.5,97.54183262624272,96.90100531816587,98.29875722040508,True
streaming/q11/mbrotli-session/vendor-lcet10.txt,406879985.7,412936166.2,98.53338578799446,97.73300603485444,99.32599322480407,True
streaming/q11/mbrotli-writer/vendor-lcet10.txt,406879985.7,414802409.1,98.09007295372528,97.44506296418852,98.78453302898613,True
streaming/q11/mbrotli-reader/vendor-mapsdatazrh,378290216.3,382149154.0,98.99020116632262,98.57365386285369,99.44827837413122,True
streaming/q11/mbrotli-session/vendor-mapsdatazrh,378290216.3,381719051.2,99.10173859826465,98.61907901620022,99.60673388925682,True
streaming/q11/mbrotli-writer/vendor-mapsdatazrh,378290216.3,384414893.8,98.4067533285569,97.08844185977243,99.34831507328981,True
streaming/q11/mbrotli-reader/vendor-plrabn12.txt,429246824.2,443794627.3,96.72195150524752,95.6838734194084,97.77922720165658,True
streaming/q11/mbrotli-session/vendor-plrabn12.txt,429246824.2,442051617.1,97.10332630745623,96.10845412669498,98.15258509432029,True
streaming/q11/mbrotli-writer/vendor-plrabn12.txt,429246824.2,443392729.4,96.80962175019373,95.7567434942735,97.9091521843109,True
streaming/q11/mbrotli-reader/vendor-quickfox_repeated,3520552.132638889,4444712.833901099,79.20763982290664,78.862959147148,79.52335400237598,False
streaming/q11/mbrotli-session/vendor-quickfox_repeated,3520552.132638889,4478429.66229243,78.61130793861301,77.70226410164337,79.41477756296973,False
streaming/q11/mbrotli-writer/vendor-quickfox_repeated,3520552.132638889,4460881.048174603,78.92055615514569,78.3853727038913,79.4381746339201,False
streaming/q2/mbrotli-reader/binary-256KiB,899358.2839153439,1094955.9178769845,82.13648323478759,80.15988362691729,84.18095212061009,False
streaming/q2/mbrotli-session/binary-256KiB,899358.2839153439,1100092.9157936508,81.7529384112533,79.12234713957147,84.29750489699133,False
streaming/q2/mbrotli-writer/binary-256KiB,899358.2839153439,1090324.299484127,82.48539304690024,80.82940126754752,84.42659843305496,False
streaming/q2/mbrotli-reader/compressible-256KiB,116199.78462549602,23164.911447659237,501.619809288059,497.32376999800096,505.7172847711193,True
streaming/q2/mbrotli-session/compressible-256KiB,116199.78462549602,14840.772050373867,782.9766822849941,777.5517553739247,787.9448323904643,True
streaming/q2/mbrotli-writer/compressible-256KiB,116199.78462549602,16892.880083774253,687.862484367641,675.5982769152429,698.7769562719755,True
streaming/q2/mbrotli-reader/incompressible-256KiB,114571.89660130718,140430.33966269842,81.58628461378004,78.82310834662722,85.32108486314588,False
streaming/q2/mbrotli-session/incompressible-256KiB,114571.89660130718,123086.62439484126,93.08232894077892,88.76018198726551,98.39848523025474,False
streaming/q2/mbrotli-writer/incompressible-256KiB,114571.89660130718,118043.12316220239,97.05935723496114,93.72902573433886,101.30295353725587,True
streaming/q2/mbrotli-reader/text-1MiB,695327.7895238094,726468.0453571429,95.71347204707064,94.51006121810354,97.0947073748808,True
streaming/q2/mbrotli-session/text-1MiB,695327.7895238094,701715.9978042328,99.0896305199806,97.31766197278631,101.00171090977233,True
streaming/q2/mbrotli-writer/text-1MiB,695327.7895238094,702041.4062433863,99.04370074758106,97.21442550306593,100.94784335343282,True
streaming/q2/mbrotli-reader/vendor-alice29.txt,967765.9451058202,1039215.2266269841,93.12468873718592,85.61640038535332,104.1843079752918,False
streaming/q2/mbrotli-session/vendor-alice29.txt,967765.9451058202,1032421.1010515873,93.73752087400077,85.56545752904906,105.15004016682026,False
streaming/q2/mbrotli-writer/vendor-alice29.txt,967765.9451058202,1024973.5900793651,94.41862253552159,87.52968450565953,104.91102726345119,False
streaming/q2/mbrotli-reader/vendor-lcet10.txt,2392669.7828571433,2809328.7136904765,85.16873697254213,80.73352213011877,88.5084337357144,False
streaming/q2/mbrotli-session/vendor-lcet10.txt,2392669.7828571433,2726586.7884126985,87.75329628330124,86.22251107592312,89.35450259885465,False
streaming/q2/mbrotli-writer/vendor-lcet10.txt,2392669.7828571433,2724494.4122619047,87.82068966956416,85.67914457207411,89.85236462019868,False
streaming/q2/mbrotli-reader/vendor-mapsdatazrh,1208096.5745039682,1419895.6955357143,85.08347326513754,83.5442350105056,86.71244458806703,False
streaming/q2/mbrotli-session/vendor-mapsdatazrh,1208096.5745039682,1389469.1064087301,86.94663083416488,85.76588359423334,88.16325383223865,False
streaming/q2/mbrotli-writer/vendor-mapsdatazrh,1208096.5745039682,1380141.6342063493,87.53424609197333,86.25844525937588,88.76750136416221,False
streaming/q2/mbrotli-reader/vendor-plrabn12.txt,3122598.4111507935,3561306.8040873013,87.6812524988579,86.19547569700383,89.03760383051258,False
streaming/q2/mbrotli-session/vendor-plrabn12.txt,3122598.4111507935,3519517.8147222223,88.72233571567372,87.26764519577354,90.01257922650458,False
streaming/q2/mbrotli-writer/vendor-plrabn12.txt,3122598.4111507935,3533382.5944841267,88.37419463223151,87.13615466272958,89.6254744421963,False
streaming/q2/mbrotli-reader/vendor-quickfox_repeated,78172.08703703704,17013.718898442094,459.4650205734566,448.5684531739951,474.15997828184396,True
streaming/q2/mbrotli-session/vendor-quickfox_repeated,78172.08703703704,10750.74578857512,727.1317597343896,701.2498945478195,756.00461244529,True
streaming/q2/mbrotli-writer/vendor-quickfox_repeated,78172.08703703704,12445.148521689498,628.1330182665007,610.9770069715386,649.7751995903317,True
streaming/q5/mbrotli-reader/binary-256KiB,2700609.411309524,4265597.566666666,63.311397034106626,61.54348257947014,65.37011230841419,False
streaming/q5/mbrotli-session/binary-256KiB,2700609.411309524,4196609.166666666,64.35217824810208,62.243680785878986,66.64803906416901,False
streaming/q5/mbrotli-writer/binary-256KiB,2700609.411309524,4371622.75,61.7759025823883,56.6180032130181,65.97287324136659,False
streaming/q5/mbrotli-reader/compressible-256KiB,112168.47050653596,40231.83648291925,278.8052455774868,270.0719967131098,289.43983285471273,True
streaming/q5/mbrotli-session/compressible-256KiB,112168.47050653596,30753.981865763548,364.728284604362,357.37062955705306,375.36694312745493,True
streaming/q5/mbrotli-writer/compressible-256KiB,112168.47050653596,33868.58433405483,331.1873605350273,317.7069407848137,344.86946293261497,True
streaming/q5/mbrotli-reader/incompressible-256KiB,298725.94345899473,395316.03619841265,75.56636111494893,73.85248613563573,77.32972675585931,False
streaming/q5/mbrotli-session/incompressible-256KiB,298725.94345899473,375768.8076825397,79.49726995737417,75.63876295523633,82.97093193987891,False
streaming/q5/mbrotli-writer/incompressible-256KiB,298725.94345899473,382928.40875396825,78.01091186497118,75.03312433630629,81.24992930267557,False
streaming/q5/mbrotli-reader/text-1MiB,2407760.0467063496,2592909.2129365075,92.85940420488252,88.83419533163512,96.7127714589368,False
streaming/q5/mbrotli-session/text-1MiB,2407760.0467063496,2631859.6716666664,91.48512257804376,86.4918130024095,96.25678523965897,False
streaming/q5/mbrotli-writer/text-1MiB,2407760.0467063496,2583232.561428571,93.20725058431509,89.8782038658634,96.80937959396832,False
streaming/q5/mbrotli-reader/vendor-alice29.txt,2317309.4182142853,2836356.173452381,81.70022650553376,79.9127583461991,83.27422845352315,False
streaming/q5/mbrotli-session/vendor-alice29.txt,2317309.4182142853,2823977.4028174602,82.05835556270117,80.77914061343101,83.30013110399571,False
streaming/q5/mbrotli-writer/vendor-alice29.txt,2317309.4182142853,2812701.6235714285,82.38731754532432,81.03162940692098,83.58434286422693,False
streaming/q5/mbrotli-reader/vendor-lcet10.txt,6111509.65,7452792.45,82.00294978025318,80.42514470348884,83.58767380559502,False
streaming/q5/mbrotli-session/vendor-lcet10.txt,6111509.65,7487674.1,81.62093553190303,78.77067055444606,84.06954641569936,False
streaming/q5/mbrotli-writer/vendor-lcet10.txt,6111509.65,7459690.55,81.92712028785162,80.50960913500914,83.45762428749329,False
streaming/q5/mbrotli-reader/vendor-mapsdatazrh,2881774.0652380954,3838006.9666666663,75.08517025285482,71.63178899918265,77.6215096514449,False
streaming/q5/mbrotli-session/vendor-mapsdatazrh,2881774.0652380954,3816264.5,75.51295423150296,73.44524289847442,77.48156400167753,False
streaming/q5/mbrotli-writer/vendor-mapsdatazrh,2881774.0652380954,3779470.9,76.2480818475966,74.30226879192205,78.13480119911443,False
streaming/q5/mbrotli-reader/vendor-plrabn12.txt,8304448.55,10248975.55,81.02710860696706,78.96070261941881,82.87858176057665,False
streaming/q5/mbrotli-session/vendor-plrabn12.txt,8304448.55,9976431.8,83.24066877297753,81.70226710072609,84.74316207016045,False
streaming/q5/mbrotli-writer/vendor-plrabn12.txt,8304448.55,9938253.25,83.56044408508104,82.09312277033952,85.0197264662439,False
streaming/q5/mbrotli-reader/vendor-quickfox_repeated,64377.076736111114,27131.86660092395,237.27477981156966,234.01358501709126,240.82605275025617,True
streaming/q5/mbrotli-session/vendor-quickfox_repeated,64377.076736111114,20448.248179164388,314.8293006425251,311.1266670095965,318.57549228181136,True
streaming/q5/mbrotli-writer/vendor-quickfox_repeated,64377.076736111114,23150.286981646823,278.0832772705938,271.5372165450018,284.6387660475579,True
streaming/q9/mbrotli-reader/binary-256KiB,19737461.3,14327644.8,137.757890954974,133.57458034985368,141.5597556007922,True
streaming/q9/mbrotli-session/binary-256KiB,19737461.3,14358599.7,137.4609064420119,133.79739038508626,141.0500535623784,True
streaming/q9/mbrotli-writer/binary-256KiB,19737461.3,14243118.3,138.5754220689159,134.18221306801948,142.13711543133618,True
streaming/q9/mbrotli-reader/compressible-256KiB,57283.63287397787,46946.073732247285,122.02007179703658,119.47171823945898,124.49905813771858,True
streaming/q9/mbrotli-session/compressible-256KiB,57283.63287397787,38646.68484380277,148.22392426543064,145.6756671405331,150.79369711770684,True
streaming/q9/mbrotli-writer/compressible-256KiB,57283.63287397787,40570.20593795094,141.19630785603815,137.9625149607143,144.41680846312752,True
streaming/q9/mbrotli-reader/incompressible-256KiB,8272690.85,1014703.6011309525,815.2815108549486,795.299543560738,834.1036764584802,True
streaming/q9/mbrotli-session/incompressible-256KiB,8272690.85,977069.1746031747,846.6842537898975,833.4365747586834,859.1733608302961,True
streaming/q9/mbrotli-writer/incompressible-256KiB,8272690.85,995188.3667063493,831.2688458546891,792.8324437184999,863.6365663892863,True
streaming/q9/mbrotli-reader/text-1MiB,10217432.4,3693019.7000000007,276.66877596130877,264.4382973892143,288.3753038371362,True
streaming/q9/mbrotli-session/text-1MiB,10217432.4,3567151.9666666663,286.43109392246345,280.2785944579899,292.37640262601485,True
streaming/q9/mbrotli-writer/text-1MiB,10217432.4,3608705.7130555557,283.1328795538918,276.5790330282593,290.0583881141995,True
streaming/q9/mbrotli-reader/vendor-alice29.txt,11558595.5,5047094.4,229.01484664126747,219.51091459312505,238.89420698730885,True
streaming/q9/mbrotli-session/vendor-alice29.txt,11558595.5,5024814.05,230.03031326104497,221.51239374568297,239.39290114277964,True
streaming/q9/mbrotli-writer/vendor-alice29.txt,11558595.5,5063233.45,228.28486211711214,218.20993570742428,238.78438475166817,True
streaming/q9/mbrotli-reader/vendor-lcet10.txt,20746523.8,14983901.2,138.45875999235767,136.52781529970446,140.63724441756347,True
streaming/q9/mbrotli-session/vendor-lcet10.txt,20746523.8,15310387.2,135.50619934680685,131.56039733386783,139.37962518649277,True
streaming/q9/mbrotli-writer/vendor-lcet10.txt,20746523.8,15225132.5,136.26498028834888,132.8684162756995,139.55138954160157,True
streaming/q9/mbrotli-reader/vendor-mapsdatazrh,16217072.3,10333489.1,156.93704365546773,153.3668082849607,160.62778523127542,True
streaming/q9/mbrotli-session/vendor-mapsdatazrh,16217072.3,10348651.1,156.70711229215178,150.04392512861568,161.79094241117843,True
streaming/q9/mbrotli-writer/vendor-mapsdatazrh,16217072.3,10333844.5,156.931646300658,152.47598872795115,161.51269179367048,True
streaming/q9/mbrotli-reader/vendor-plrabn12.txt,26992874.6,21834875.3,123.622755931196,121.4242548637623,125.51060389904933,True
streaming/q9/mbrotli-session/vendor-plrabn12.txt,26992874.6,21736840.2,124.18030565454495,122.4275349378126,125.93139076739138,True
streaming/q9/mbrotli-writer/vendor-plrabn12.txt,26992874.6,21627154.9,124.8101043563525,122.34397444604124,126.78951417362428,True
streaming/q9/mbrotli-reader/vendor-quickfox_repeated,71358.53721459096,28843.74964726631,247.3968817759241,243.97438293227808,251.45068062081813,True
streaming/q9/mbrotli-session/vendor-quickfox_repeated,71358.53721459096,22962.619529334937,310.75956784211763,305.17474416451194,316.8865467493549,True
streaming/q9/mbrotli-writer/vendor-quickfox_repeated,71358.53721459096,24974.684682003433,285.7234760846105,278.2712902285343,293.65282251963595,True
tiny/q0/mbrotli/1024,1759.0917410522768,1848.4713495276653,95.1646743944272,93.02771404706674,97.35184512080794,True
tiny/q0/mbrotli-reused/1024,1759.0917410522768,1652.9015729892453,106.42447014379619,103.62154784075797,109.25394578312228,True
tiny/q0/mbrotli/16,844.2004540412333,846.8709602022769,99.68466197490044,97.61618536455036,101.80635143065187,True
tiny/q0/mbrotli-reused/16,844.2004540412333,698.0518465700859,120.93664076518904,118.42032632016897,123.4485942303101,True
tiny/q0/mbrotli/256,1487.794108923484,1685.4013458393456,88.27536020404378,80.95308566486796,95.45672270130895,False
tiny/q0/mbrotli-reused/256,1487.794108923484,1420.247921570745,104.75594340444697,98.0046131070687,111.28187026998042,True
tiny/q0/mbrotli/64,1005.4031171934184,1056.6347355708665,95.1514353396901,93.242192843149,96.78202312032657,True
tiny/q0/mbrotli-reused/64,1005.4031171934184,907.1471197905433,110.83131889627363,108.7278208424865,112.93762285802057,True
tiny/q1/mbrotli/1024,2536.512592305038,2618.1570525074762,96.88160570336126,92.656088874261,101.3677302743166,True
tiny/q1/mbrotli-reused/1024,2536.512592305038,2359.999665364423,107.47936237157722,103.38821035993686,111.97329874866425,True
tiny/q1/mbrotli/16,1544.5550110686186,1810.1084627157688,85.329417705239,84.06605032062527,86.47738967083713,False
tiny/q1/mbrotli-reused/16,1544.5550110686186,1645.3876029364378,93.8718031126606,91.62648115300627,95.91486535960372,False
tiny/q1/mbrotli/256,2253.7697412431817,2474.1942584017515,91.09105857755256,88.82411678332521,93.71746732158842,False
tiny/q1/mbrotli-reused/256,2253.7697412431817,2317.7268369487465,97.24052486747043,91.15448011134897,102.35425227736218,True
tiny/q1/mbrotli/64,1891.7685004074021,2100.3902427423322,90.06747707690037,84.88073656068505,96.3230900554097,False
tiny/q1/mbrotli-reused/64,1891.7685004074021,1804.3858387623422,104.84279247641386,99.25199608638488,111.70798772576475,True
tiny/q10/mbrotli/1024,271096.2313723545,331149.9811218685,81.8650903901416,79.68182749262036,84.77453391831337,False
tiny/q10/mbrotli-reused/1024,271096.2313723545,278764.29835931107,97.24926504861361,94.92291217348586,100.6968367866649,True
tiny/q10/mbrotli/16,157590.2997878997,207597.0654294006,75.91162209443316,74.59444853152078,77.3178368134769,False
tiny/q10/mbrotli-reused/16,157590.2997878997,168513.2950563394,93.51802167016686,91.98864970494596,95.10891634002775,False
tiny/q10/mbrotli/256,250170.16140410956,308637.6983661435,81.05625551527,79.51231175514909,82.15487066133464,False
tiny/q10/mbrotli-reused/256,250170.16140410956,267508.01233491296,93.51875453020193,91.65473000555043,95.06789096327284,False
tiny/q10/mbrotli/64,185661.61803673705,236838.9516956985,78.39150473663791,77.21484979730451,79.51329042312557,False
tiny/q10/mbrotli-reused/64,185661.61803673705,195577.1642178288,94.93011046522382,93.89228252421606,95.89590463098695,False
tiny/q11/mbrotli/1024,1424626.7211772487,1470826.794989275,96.85890453115091,93.94464728675824,99.16536682081176,True
tiny/q11/mbrotli-reused/1024,1424626.7211772487,1410058.4866025643,101.03316527031339,99.5769945496128,102.66552233147726,True
tiny/q11/mbrotli/16,157765.45012239294,204918.56020907368,76.98934150299928,75.5645073430336,77.96082545394184,False
tiny/q11/mbrotli-reused/16,157765.45012239294,167702.68785149144,94.07449107917793,93.260922567343,94.796879278528,False
tiny/q11/mbrotli/256,353138.7966546338,409778.9919286311,86.17786748719857,84.8148039461772,87.61154600781558,False
tiny/q11/mbrotli-reused/256,353138.7966546338,365516.75195732154,96.61357373187289,94.7239786435953,98.50265946261756,True
tiny/q11/mbrotli/64,198485.5346271854,248227.67167524667,79.96108302013229,79.34780833736048,80.63815690354318,False
tiny/q11/mbrotli-reused/64,198485.5346271854,208909.18481124387,95.01043949145817,94.19826164060015,95.79129304566342,True
tiny/q2/mbrotli/1024,2201.795362881264,3330.848672373996,66.1031340493766,64.44261798229425,67.45629528300414,False
tiny/q2/mbrotli-reused/1024,2201.795362881264,3015.6207812186058,73.01300536838465,69.9869905048418,75.94863985099677,False
tiny/q2/mbrotli/16,891.6105250305252,1072.1937010487188,83.15759775108134,75.94382319797994,94.4065069022292,False
tiny/q2/mbrotli-reused/16,891.6105250305252,774.024235280152,115.19155142575268,105.38678046116543,130.57672934064948,True
tiny/q2/mbrotli/256,1666.9513108362,2235.6384107167023,74.56265301425948,70.41902129655386,78.61460677762769,False
tiny/q2/mbrotli-reused/256,1666.9513108362,1809.4170191078015,92.12643040453719,82.33816900891911,99.83971190818295,False
tiny/q2/mbrotli/64,1130.6105827040633,1435.9105392138235,78.73823276783557,76.65267445112676,80.81157496045329,False
tiny/q2/mbrotli-reused/64,1130.6105827040633,1153.0286600437187,98.05572245369812,93.93399277747059,102.40527507417293,True
tiny/q3/mbrotli/1024,6057.220017562204,7550.1878146611325,80.22608398959495,77.92493415234767,82.61030553206672,False
tiny/q3/mbrotli-reused/1024,6057.220017562204,6382.928633925114,94.897191633449,93.33885669835189,96.77204206462991,False
tiny/q3/mbrotli/16,1634.9939809695256,2182.728180817333,74.9059821254195,72.87657201117925,77.56323921009924,False
tiny/q3/mbrotli-reused/16,1634.9939809695256,1625.2750068516616,100.59798951419863,97.94050859433543,104.14148719288713,True
tiny/q3/mbrotli/256,4542.807555396428,5405.3883881609845,84.04220435567956,81.88706550387516,86.75045499283648,False
tiny/q3/mbrotli-reused/256,4542.807555396428,4893.186803520553,92.83944672065178,84.53085076221589,99.98755113051145,False
tiny/q3/mbrotli/64,1953.5347827857488,2814.50797422173,69.40945986574943,66.94983370013632,71.87874550499323,False
tiny/q3/mbrotli-reused/64,1953.5347827857488,2119.5948101271697,92.1654824522118,91.38829280735541,93.01280556243306,False
tiny/q4/mbrotli/1024,9033.862795348654,11238.308271496739,80.38454344824186,78.84017374924886,81.69879743623183,False
tiny/q4/mbrotli-reused/1024,9033.862795348654,10743.641053688141,84.08567216835168,81.9773865410118,86.36939108543133,False
tiny/q4/mbrotli/16,2616.537944238301,3549.5761917860996,73.71409438380569,73.0103551493789,74.32850659094149,False
tiny/q4/mbrotli-reused/16,2616.537944238301,2926.626095997016,89.40458597759216,88.62926997409225,90.07564473820219,False
tiny/q4/mbrotli/256,7588.248439098094,9378.079976514415,80.91473369923688,78.06525162441541,83.7441296807002,False
tiny/q4/mbrotli-reused/256,7588.248439098094,8648.70615747289,87.73853916335786,84.83716925581454,90.45558221529052,False
tiny/q4/mbrotli/64,4693.233866977664,5946.822538394145,78.92002555443675,75.741110080262,82.12913585548974,False
tiny/q4/mbrotli-reused/64,4693.233866977664,5102.35508117397,91.98171809512375,89.88400225158281,94.59175100271078,False
tiny/q5/mbrotli/1024,10205.308602003643,16130.6831452726,63.26643769575562,58.71361803592547,69.38476633355646,False
tiny/q5/mbrotli-reused/1024,10205.308602003643,14412.445098576467,70.8090024433927,63.91531250962483,79.0576455869565,False
tiny/q5/mbrotli/16,2744.4390898948236,4141.211864098447,66.2714002557388,64.46415907573696,68.04282273777362,False
tiny/q5/mbrotli-reused/16,2744.4390898948236,3192.3183937783447,85.97009293445123,83.70974556607028,88.21559268006153,False
tiny/q5/mbrotli/256,8261.701869364335,11719.779329639614,70.49366406132141,67.9396443656808,73.60572464209207,False
tiny/q5/mbrotli-reused/256,8261.701869364335,10079.49030915467,81.96547261780357,79.54692257353702,84.9414989487254,False
tiny/q5/mbrotli/64,5382.431786790016,7055.737616877481,76.28446633155859,75.24999989595243,77.33932421780848,False
tiny/q5/mbrotli-reused/64,5382.431786790016,5948.9990368220315,90.47625917359912,89.59057058428516,91.29059957135664,False
tiny/q6/mbrotli/1024,10070.621313712523,16703.14586493239,60.29176416914016,58.040029458665494,62.6546626929718,False
tiny/q6/mbrotli-reused/1024,10070.621313712523,14392.389484126985,69.97185092037125,67.88001937736445,72.03697500499838,False
tiny/q6/mbrotli/16,2830.3616063988093,4045.7507664526483,69.9588721546606,68.44193901877098,71.64457554809819,False
tiny/q6/mbrotli-reused/16,2830.3616063988093,3123.18685994062,90.62415197445542,87.51761782392046,93.66155074158475,False
tiny/q6/mbrotli/256,8348.22646518759,11306.103636656746,73.83822697433004,71.8752763954634,75.80722179781715,False
tiny/q6/mbrotli-reused/256,8348.22646518759,10250.433900598491,81.44266424370741,78.65539550672331,84.45429337813755,False
tiny/q6/mbrotli/64,5536.3430828373,7097.249937417655,78.00687775766436,76.94285595654773,78.896701224719,False
tiny/q6/mbrotli-reused/64,5536.3430828373,6172.311369323192,89.6964322045272,86.7730675159547,92.4326936819225,False
tiny/q7/mbrotli/1024,10365.436348489193,16994.803717516505,60.99179796825521,58.307505603933656,63.79220947621142,False
tiny/q7/mbrotli-reused/1024,10365.436348489193,14531.057153954802,71.33298175534404,69.49303740333882,73.24834405048155,False
tiny/q7/mbrotli/16,2740.026427457098,4016.054613420861,68.2268218738976,66.63477983536733,69.40969311336539,False
tiny/q7/mbrotli-reused/16,2740.026427457098,3199.423361581921,85.64125837045589,83.1752278949547,87.77292880872056,False
tiny/q7/mbrotli/256,8409.485117705697,12002.057258225586,70.06703048298051,67.73655264983731,72.39230103511849,False
tiny/q7/mbrotli-reused/256,8409.485117705697,10561.847512458471,79.6213456763705,77.87547639682576,81.43071783547774,False
tiny/q7/mbrotli/64,5680.658980368887,7281.981755912539,78.00979418489379,75.04069313031616,81.03578915960941,False
tiny/q7/mbrotli-reused/64,5680.658980368887,6111.7781871558145,92.94609206052431,87.69649860340796,97.17142167522108,False
tiny/q8/mbrotli/1024,11446.164595384165,18479.75113452381,61.938954221090555,59.14579120455765,64.88626983694789,False
tiny/q8/mbrotli-reused/1024,11446.164595384165,15790.548987595039,72.48743919148222,68.13390009467203,77.00328654819378,False
tiny/q8/mbrotli/16,2701.621320649755,3904.201884611306,69.19778742227422,68.30391744586593,70.06778816149047,False
tiny/q8/mbrotli-reused/16,2701.621320649755,3197.349692664166,84.49564734342995,82.11674529382495,86.73476465408099,False
tiny/q8/mbrotli/256,8481.810831877094,12191.974190749861,69.56880566817722,67.34831378975063,71.99139601952196,False
tiny/q8/mbrotli-reused/256,8481.810831877094,10691.408767764859,79.33295804244418,76.44627676598073,82.22372051814848,False
tiny/q8/mbrotli/64,5466.941617033521,7074.959169322586,77.2717055490367,75.29432554445769,79.65901075286229,False
tiny/q8/mbrotli-reused/64,5466.941617033521,6112.1666807644115,89.44359508778652,86.04669369556167,92.8754774385655,False
tiny/q9/mbrotli/1024,139597.8368650794,19722.84615459304,707.7976260164153,685.6348344577918,733.6171968831311,True
tiny/q9/mbrotli-reused/1024,139597.8368650794,16853.32390285126,828.3104132441322,805.5351283260812,855.4656330308417,True
tiny/q9/mbrotli/16,19260.59965425532,4236.838052746974,454.5984390828348,422.8853238431528,490.3242823824497,True
tiny/q9/mbrotli-reused/16,19260.59965425532,3281.3151133489,586.9780557161428,535.6164821497927,635.90899005456,True
tiny/q9/mbrotli/256,128563.16989417991,13458.605688106263,955.248804174378,893.1912225703776,1008.8812490403819,True
tiny/q9/mbrotli-reused/256,128563.16989417991,11568.89065387726,1111.283473416637,1078.2158499912782,1146.6199707158314,True
tiny/q9/mbrotli/64,56036.74370250121,7539.735886626001,743.2189209956186,713.2672296480542,774.6064471172058,True
tiny/q9/mbrotli-reused/64,56036.74370250121,6333.129175071649,884.8192126424966,851.580120180511,918.3904218652063,True
universal/q0/mbrotli/binary-16KiB,158122.17497685185,172913.27773088022,91.44594160255927,89.5079212713158,93.53209241204816,False
universal/q0/mbrotli/empty,149.15929782330798,29.55109090856635,504.750563303466,491.5536214644099,517.7207963661873,True
universal/q1/mbrotli/binary-16KiB,138207.6475680272,159869.9569808201,86.45004363428222,84.45353776323198,88.73671812722476,False
universal/q1/mbrotli/empty,149.40615442081796,29.7134822942962,502.8227689404751,493.78763937421905,511.83692496376506,True
universal/q11/mbrotli/binary-16KiB,22939137.7,23331470.5,98.31843946569934,95.44265952323693,102.72768602605598,True
universal/q11/mbrotli/empty,117.14016631349823,29.21147019490615,401.0074314367271,397.0113480571554,405.2971570111297,True
universal/q5/mbrotli/binary-16KiB,64096.25519704433,92319.90181405896,69.42842652296171,66.25885519418209,72.4654458018055,False
universal/q5/mbrotli/empty,118.68187721528741,29.27878092345079,405.35115695417966,399.2139021621597,413.07110471349307,True
