corpus,input_bytes,quality,lgwin,implementation,compressed_bytes,mean_ns,mean_lower_ns,mean_upper_ns,mib_per_second,speed_relative_to_c,compressed_fraction
empty,0,0,22,c-brotli,1,17.662011109544547,17.48529450393626,17.84909504050348,0.0,1.0,
empty,0,0,22,mbrotli,1,27.35925873982153,27.22079393221341,27.51876802981845,0.0,0.6455588317470534,
empty,0,0,22,rust-brotli,1,126.87065476907554,126.26890352889605,127.49741572157696,0.0,0.1392127371116053,
empty,0,0,22,simd-brotli,1,134.42548958218887,129.01989511151783,142.2207676172088,0.0,0.1313888546319621,
empty,0,0,22,burli,1,83.23994467587163,82.52400091059998,84.3511921635873,0.0,0.2121819179279699,
empty,0,1,22,c-brotli,1,32.25626679505742,32.15203325734114,32.370965055939116,0.0,1.0,
empty,0,1,22,mbrotli,1,27.280228201856985,27.162264773766395,27.417353166741986,0.0,1.1824045809434143,
empty,0,1,22,rust-brotli,1,126.83671401450559,125.62521459506445,128.47047105166916,0.0,0.25431332753833763,
empty,0,1,22,simd-brotli,1,129.68760533848902,128.95499803026232,130.55486009119977,0.0,0.2487228190455632,
empty,0,1,22,burli,1,82.84932239853985,82.45381390875639,83.24602172026619,0.0,0.3893365191315784,
empty,0,2,22,c-brotli,1,32.11661091868265,31.908060909471217,32.41720111917548,0.0,1.0,
empty,0,2,22,mbrotli,1,27.247367751946605,27.120299182591232,27.4079863824281,0.0,1.1787050848751501,
empty,0,2,22,rust-brotli,1,3410.8248082811715,3396.196820939055,3427.599574501289,0.0,0.009416083417918872,
empty,0,2,22,simd-brotli,1,3465.5927565347224,3447.3297156833087,3487.77587530361,0.0,0.009267277829492103,
empty,0,2,22,burli,1,82.66273511469157,82.14571713921912,83.2588110350149,0.0,0.38852586808459716,
empty,0,3,22,c-brotli,1,32.174154772926975,31.944505248947518,32.46242271159049,0.0,1.0,
empty,0,3,22,mbrotli,1,27.56285756556325,27.37339960578087,27.794486465952364,0.0,1.16730112965954,
empty,0,3,22,rust-brotli,1,3430.5415542924034,3408.5970405332046,3457.9077871630016,0.0,0.009378739264262706,
empty,0,3,22,simd-brotli,1,3472.7287048255907,3441.5860918647118,3516.986402246804,0.0,0.009264805145365608,
empty,0,3,22,burli,1,83.13675876804822,82.36238014474121,84.11336491036562,0.0,0.3870027560575576,
empty,0,4,22,c-brotli,1,32.24314525996424,31.971222786759938,32.585013648845184,0.0,1.0,
empty,0,4,22,mbrotli,1,27.851324713093813,27.37842379582935,28.529802383546887,0.0,1.1576880307171058,
empty,0,4,22,rust-brotli,1,6558.031296623343,6497.117386654362,6628.405703836629,0.0,0.004916589110601816,
empty,0,4,22,simd-brotli,1,6563.966733030321,6507.88116577125,6649.130366696976,0.0,0.004912143307752394,
empty,0,4,22,burli,1,83.10128545562975,82.55779843216376,83.73493634755545,0.0,0.38799815289475653,
empty,0,5,22,c-brotli,1,32.38566143240275,32.005954811919345,32.92989668568771,0.0,1.0,
empty,0,5,22,mbrotli,1,27.114675664288093,26.96026641235714,27.297606661703743,0.0,1.1943960471213346,
empty,0,5,22,rust-brotli,1,13092.568039638367,13021.22700740705,13178.571482154643,0.0,0.0024735912262860604,
empty,0,5,22,simd-brotli,1,16517.588326598274,16424.472417013953,16624.523630990112,0.0,0.0019606773574960767,
empty,0,5,22,burli,1,82.5347791697288,82.1187862066044,82.99746566168601,0.0,0.3923880545654965,
empty,0,6,22,c-brotli,1,32.223408693061145,32.12834723891162,32.32206375185313,0.0,1.0,
empty,0,6,22,mbrotli,1,27.493908661322607,27.33437916105074,27.674272661287763,0.0,1.1720199223034382,
empty,0,6,22,rust-brotli,1,29976.954549252336,29734.436685362893,30245.997178011803,0.0,0.001074939371847059,
empty,0,6,22,simd-brotli,1,43374.01744736286,43032.56079271317,43738.79167186872,0.0,0.0007429196230708007,
empty,0,7,22,c-brotli,1,32.18015892131645,32.048925405623955,32.31295366139935,0.0,1.0,
empty,0,7,22,mbrotli,1,27.76704283332475,27.573945719404374,27.96909840507311,0.0,1.1589336003290662,
empty,0,7,22,rust-brotli,1,171307.26338225853,170213.33348596713,172477.7864235763,0.0,0.00018785052242361133,
empty,0,7,22,simd-brotli,1,170772.46021486647,169597.50179720004,172073.85003843793,0.0,0.0001884388084637726,
empty,0,8,22,c-brotli,1,32.57444065182414,32.338484333906536,32.8483230870739,0.0,1.0,
empty,0,8,22,mbrotli,1,27.345838742433727,27.1895687126685,27.513318989197355,0.0,1.1912028355991497,
empty,0,8,22,rust-brotli,1,360531.7507605459,358068.0822365035,363258.56986385677,0.0,9.035110106976149e-05,
empty,0,8,22,simd-brotli,1,359338.0107587913,357190.35560961463,361733.3822007421,0.0,9.065125223752077e-05,
empty,0,9,22,c-brotli,1,32.29280644174407,32.034366404441606,32.579037668649185,0.0,1.0,
empty,0,9,22,mbrotli,1,28.06506095484532,27.76626638900695,28.39547956182336,0.0,1.15064088026393,
empty,0,9,22,rust-brotli,1,4667.76620276625,4574.0265328077085,4767.7660021657275,0.0,0.0069182570503652134,
empty,0,9,22,simd-brotli,1,4650.234687452573,4562.2435829540445,4749.731252539253,0.0,0.006944339073655284,
empty,0,10,22,c-brotli,1,32.56615570186921,32.29407806598492,32.85993461915668,0.0,1.0,
empty,0,10,22,mbrotli,1,27.76481628014442,27.463204414000337,28.117386740373796,0.0,1.1729289102178713,
empty,0,10,22,rust-brotli,1,18227.695980780674,18044.877145226852,18415.70763191162,0.0,0.0017866303967438912,
empty,0,10,22,simd-brotli,1,14599.569175966173,14450.373730479387,14774.579312281807,0.0,0.002230624432088013,
empty,0,11,22,c-brotli,1,32.199515532253976,31.980498519282136,32.48033342238512,0.0,1.0,
empty,0,11,22,mbrotli,1,27.538819846339194,27.30540513488638,27.85745462489019,0.0,1.169240937408374,
empty,0,11,22,rust-brotli,1,19415.819181254556,19223.469440006706,19618.037736872935,0.0,0.0016584165330166306,
empty,0,11,22,simd-brotli,1,14983.208386008198,14851.42782536712,15128.768715102491,0.0,0.00214904009226241,
tiny-text,44,0,22,c-brotli,48,1102.8448231099528,1091.7053081181782,1116.226763742568,38.04857133349526,1.0,1.0909090909090908
tiny-text,44,0,22,mbrotli,48,233.00055786672968,230.4168109918769,236.0945740122148,180.09257276489438,4.733228251499517,1.0909090909090908
tiny-text,44,0,22,rust-brotli,48,4257.863835273283,4206.914423896818,4312.447071147066,9.855099069691542,0.25901364293843576,1.0909090909090908
tiny-text,44,0,22,simd-brotli,48,4010.9362852952377,3969.1264794534227,4057.5490156350133,10.46181413444873,0.27495944703813074,1.0909090909090908
tiny-text,44,0,22,burli,48,104.57718716724392,101.51179002627326,108.48335794017066,401.2507035092487,10.545749536619686,1.0909090909090908
tiny-text,44,1,22,c-brotli,48,1865.5443114263933,1839.0325638669856,1899.7078316723796,22.492990203910594,1.0,1.0909090909090908
tiny-text,44,1,22,mbrotli,48,2091.8541140585576,2073.521307621324,2112.5518870267165,20.059558474879555,0.8918137736703425,1.0909090909090908
tiny-text,44,1,22,rust-brotli,48,2168.885829464393,2151.974422217949,2186.6836598053733,19.347108709838107,0.8601394716507923,1.0909090909090908
tiny-text,44,1,22,simd-brotli,48,2114.677732099366,2084.395296525441,2149.397691013086,19.84305659672179,0.8821884692446053,1.0909090909090908
tiny-text,44,1,22,burli,48,2616.3003907761868,2598.962083535554,2633.9990272868686,16.038552021706533,0.7130466814909338,1.0909090909090908
tiny-text,44,2,22,c-brotli,48,1073.219660450461,1064.3537796096437,1083.1388820029006,39.098864350157804,1.0,1.0909090909090908
tiny-text,44,2,22,mbrotli,48,1290.5207872374071,1272.991626705319,1312.093555530776,32.51529951075142,0.8316174919955235,1.0909090909090908
tiny-text,44,2,22,rust-brotli,48,4691.007190226342,4633.285013086387,4762.834400600075,8.945130165074495,0.22878235247358,1.0909090909090908
tiny-text,44,2,22,simd-brotli,48,4647.890851479581,4601.5527894648185,4699.787519802411,9.028110010052663,0.23090466079013428,1.0909090909090908
tiny-text,44,2,22,burli,48,2386.328779562927,2353.1969538890717,2426.7147255804207,17.584194718365914,0.4497367125778154,1.0909090909090908
tiny-text,44,3,22,c-brotli,46,1889.4814796675798,1865.3096504871294,1915.76853889011,22.208034518156484,1.0,1.0454545454545454
tiny-text,44,3,22,mbrotli,46,2527.44737625799,2501.8827599103056,2554.8920654974036,16.602391138208905,0.7475848943154061,1.0454545454545454
tiny-text,44,3,22,rust-brotli,46,5893.026202716975,5830.88250401555,5962.618898457773,7.120563947692717,0.3206300828590302,1.0454545454545454
tiny-text,44,3,22,simd-brotli,46,5892.645773916429,5826.749543327887,5967.356224319708,7.121023650804996,0.3206507827148371,1.0454545454545454
tiny-text,44,3,22,burli,48,2504.3301393938773,2471.181076628611,2550.0150389973746,16.755646255182224,0.7544857804270529,1.0909090909090908
tiny-text,44,4,22,c-brotli,48,4621.843625870722,4559.178243390518,4708.778547514233,9.078989537204372,1.0,1.0909090909090908
tiny-text,44,4,22,mbrotli,48,5103.529271004977,5070.088324800131,5143.762935819914,8.222088616259075,0.9056171485346644,1.0909090909090908
tiny-text,44,4,22,rust-brotli,48,11892.794904865379,11794.037953267603,12006.801736996696,3.528327046547179,0.38862552182581667,1.0909090909090908
tiny-text,44,4,22,simd-brotli,48,11896.574177916842,11793.244197031932,12005.510948767022,3.5272061766963847,0.3885020642707439,1.0909090909090908
tiny-text,44,4,22,burli,48,2934.2612062643557,2908.9470929631593,2962.711810291405,14.300591178553228,1.5751302631147988,1.0909090909090908
tiny-text,44,5,22,c-brotli,48,4829.910409283888,4761.968663119333,4920.675039364894,8.68787748965648,1.0,1.0909090909090908
tiny-text,44,5,22,mbrotli,48,5255.985416547191,5204.737414942953,5309.828082231635,7.983597098608549,0.918935275976621,1.0909090909090908
tiny-text,44,5,22,rust-brotli,48,19098.00099334092,18886.452032917256,19350.50101157769,2.1971760257267854,0.2529013592034045,1.0909090909090908
tiny-text,44,5,22,simd-brotli,48,22627.19214160737,22379.48707690749,22888.34866658419,1.8544797630774068,0.21345602136831393,1.0909090909090908
tiny-text,44,5,22,burli,48,2970.079284725186,2927.921815703834,3028.730975096916,14.128131238004176,1.6261890496067304,1.0909090909090908
tiny-text,44,6,22,c-brotli,48,4788.400812781754,4771.007844902404,4806.85092886443,8.763190794276463,1.0,1.0909090909090908
tiny-text,44,6,22,mbrotli,48,5224.381960491857,5153.211025413966,5326.793820061074,8.031891664736637,0.9165487609812785,1.0909090909090908
tiny-text,44,6,22,rust-brotli,48,37376.23706026653,36613.10866011261,38519.54350309851,1.1226831062264182,0.1281135071211368,1.0909090909090908
tiny-text,44,6,22,simd-brotli,48,50908.16432845165,50403.872352932085,51446.58605618036,0.824262089890823,0.09405958505766833,1.0909090909090908
tiny-text,44,7,22,c-brotli,48,4831.454797530668,4789.982902712266,4877.61523906094,8.685100384944386,1.0,1.0909090909090908
tiny-text,44,7,22,mbrotli,48,5432.108242086187,5366.691730030501,5506.221060798437,7.724748486558091,0.8894253542479412,1.0909090909090908
tiny-text,44,7,22,rust-brotli,48,179038.6780681963,177372.42217284685,180853.7841159901,0.23437209420129704,0.02698553658718567,1.0909090909090908
tiny-text,44,7,22,simd-brotli,48,19985.517192354382,19830.587332318162,20141.600771685986,2.09960390406748,0.2417477992202763,1.0909090909090908
tiny-text,44,8,22,c-brotli,48,4820.368313269832,4766.834345707244,4880.532799525464,8.705075462047187,1.0,1.0909090909090908
tiny-text,44,8,22,mbrotli,48,5393.60397944687,5316.878362897927,5485.17924794362,7.779894497589401,0.8937193630897934,1.0909090909090908
tiny-text,44,8,22,rust-brotli,48,373889.77849699184,370159.8896923916,377733.86506443017,0.11223005370876328,0.012892484872540088,1.0909090909090908
tiny-text,44,8,22,simd-brotli,48,19853.212001245254,19640.275988520618,20111.3337312751,2.113596022610499,0.242800425088267,1.0909090909090908
tiny-text,44,9,22,c-brotli,48,42229.47604080862,41683.35230251421,42821.58995924682,0.9936583130068953,1.0,1.0909090909090908
tiny-text,44,9,22,mbrotli,48,5441.675478505517,5397.645163760255,5490.353716450144,7.711167284345153,7.760381192817176,1.0909090909090908
tiny-text,44,9,22,rust-brotli,48,44527.511328597124,43973.27440975533,45134.2811869702,0.942376267386984,0.9483906641260541,1.0909090909090908
tiny-text,44,9,22,simd-brotli,48,20338.86896848633,20076.271130702793,20735.010389296363,2.063127010006884,2.0762942180433077,1.0909090909090908
tiny-text,44,10,22,c-brotli,48,154774.33251109265,153008.2692745065,156605.48428712192,0.27111517291710896,1.0,1.0909090909090908
tiny-text,44,10,22,mbrotli,48,144264.11800117895,142756.96946998325,145885.5045144376,0.2908669910665664,1.0728539754412654,1.0909090909090908
tiny-text,44,10,22,rust-brotli,48,167276.47996841144,162584.6464659999,174466.92075568295,0.2508521815487692,0.9252605778189517,1.0909090909090908
tiny-text,44,10,22,simd-brotli,48,146493.23503593492,145141.6207907752,148002.58061674982,0.28644100808874734,1.056528872975782,1.0909090909090908
tiny-text,44,11,22,c-brotli,48,162313.37934673007,160156.3301688715,164734.85825770925,0.258522557356393,1.0,1.0909090909090908
tiny-text,44,11,22,mbrotli,48,153334.8399530637,149998.4764062916,157926.21243205827,0.2736603757810006,1.0585551163480833,1.0909090909090908
tiny-text,44,11,22,rust-brotli,48,168466.55211476903,166663.39376320582,170398.00629257728,0.24908012537282959,0.963475403925599,1.0909090909090908
tiny-text,44,11,22,simd-brotli,48,152303.4808096693,151409.60918691428,153251.91597573145,0.27551353192192424,1.0657233733848142,1.0909090909090908
alice29,152089,0,22,c-brotli,65795,363187.1125151393,360049.23325703846,366607.5495152396,399.36266489044016,1.0,0.4326085384215821
alice29,152089,0,22,mbrotli,65795,388332.82172394503,384528.15365130967,392482.35052900633,373.50274041738726,0.9352470154410972,0.4326085384215821
alice29,152089,0,22,rust-brotli,78217,1171396.3270359312,1158083.7018038752,1185892.5601713948,123.82092188638144,0.3100463132184629,0.5142843992662192
alice29,152089,0,22,simd-brotli,78217,1020214.1430257702,1010995.2669715073,1030458.1857618572,142.16953773816329,0.35599105834584116,0.5142843992662192
alice29,152089,0,22,burli,82431,390425.6658500557,386391.46649942046,394640.12338001153,371.5006102176043,0.9302337020400255,0.541991860029325
alice29,152089,1,22,c-brotli,60292,509723.0999980653,504403.8042997331,515491.07259678305,284.55326648617785,1.0,0.3964257770121442
alice29,152089,1,22,mbrotli,60292,510296.3488254106,505064.31034885196,516394.58765786106,284.2336094345334,0.9988766354518022,0.3964257770121442
alice29,152089,1,22,rust-brotli,77847,1287320.514921541,1277298.2235960516,1297719.512688203,112.67075404041874,0.39595663557737343,0.5118516132001657
alice29,152089,1,22,simd-brotli,77847,1044800.3395542755,1035082.171815198,1055269.6710209688,138.824010307833,0.48786651449167734,0.5118516132001657
alice29,152089,1,22,burli,68699,472361.2019737835,467590.4167871104,477361.3925660199,307.06030152738964,1.079096034704297,0.4517026214913636
alice29,152089,2,22,c-brotli,57383,911780.6995589067,903483.1339382723,920569.150465787,159.07703812778442,1.0,0.3772988184549836
alice29,152089,2,22,mbrotli,57383,1023638.8038429285,1013278.6097745753,1035373.2698188355,141.6938988277805,0.8907250254053619,0.3772988184549836
alice29,152089,2,22,rust-brotli,57372,1475180.2825561974,1446437.4639533076,1513322.3768230171,98.32247273301302,0.6180808612618995,0.3772264923827496
alice29,152089,2,22,simd-brotli,57372,1474024.7230053796,1459517.1005919948,1489625.7102728314,98.39955249338162,0.6185654048596165,0.3772264923827496
alice29,152089,2,22,burli,57992,1057114.4903841584,1048198.2255073669,1066685.4704849077,137.20687250744334,0.862518400658346,0.381303052817758
alice29,152089,3,22,c-brotli,56863,1102708.1679873457,1085694.246119352,1125862.309324256,131.53377957890905,1.0,0.37387976776755716
alice29,152089,3,22,mbrotli,56863,1175426.1638869115,1164353.7845198587,1187046.1271254648,123.3964136277852,0.9381347819763505,0.37387976776755716
alice29,152089,3,22,rust-brotli,56876,1619089.2255342128,1604192.3876019288,1634756.6121844377,89.58331067891184,0.6810669545549666,0.3739652440347428
alice29,152089,3,22,simd-brotli,56876,1617596.7075207778,1601268.3099422145,1635069.7622151026,89.66596706926538,0.6816953588372593,0.3739652440347428
alice29,152089,3,22,burli,58707,1096644.0370154365,1082416.131118307,1111902.1772373982,132.2611241316297,1.005529716815324,0.38600424751296936
alice29,152089,4,22,c-brotli,55504,1567234.5992282857,1552919.6299948583,1582938.6160231049,92.54732710682258,1.0,0.3649442102979177
alice29,152089,4,22,mbrotli,55504,1699795.1102987656,1677782.5241625034,1728161.5522406423,85.32991548752986,0.9220138296272776,0.3649442102979177
alice29,152089,4,22,rust-brotli,55489,2082581.5208837516,2066614.5135580949,2099339.42898998,69.64595222489079,0.7525441782289625,0.36484558383578036
alice29,152089,4,22,simd-brotli,55489,2113225.352091873,2097915.8797883885,2129096.3828808013,68.63601790709747,0.7416315527716373,0.36484558383578036
alice29,152089,4,22,burli,57817,1647887.990439926,1634613.6075683464,1665402.015905217,88.01773782524434,0.9510565088892305,0.3801524107594895
alice29,152089,5,22,c-brotli,52809,2280424.7583333333,2262783.135,2299781.1054166667,63.6036653162441,1.0,0.34722432260058256
alice29,152089,5,22,mbrotli,52809,2490918.580952381,2478920.0458333334,2503928.1854761904,58.22886954918217,0.9154955026516495,0.34722432260058256
alice29,152089,5,22,rust-brotli,52808,3319775.2199999997,3284773.2900000005,3363843.7521666666,43.69072105668352,0.6869214351004564,0.34721774750310674
alice29,152089,5,22,simd-brotli,52808,3309526.7066666656,3280489.243500001,3342344.426166666,43.82601681857915,0.6890486043637831,0.34721774750310674
alice29,152089,5,22,burli,54231,2270970.025,2250866.315625,2299334.684270833,63.86846656327406,1.0041633016857339,0.3565741112111987
alice29,152089,6,22,c-brotli,51967,2553347.552380952,2536157.0717857145,2571974.3302380955,56.80518226853204,1.0,0.34168809052594207
alice29,152089,6,22,mbrotli,51967,2851734.755555555,2836216.6081944443,2868521.25,50.86145295432773,0.8953664247373267,0.34168809052594207
alice29,152089,6,22,rust-brotli,51969,3752451.526666667,3724961.7308333325,3782451.445166667,38.65296382302728,0.6804478443587282,0.3417012407208937
alice29,152089,6,22,simd-brotli,51969,4014684.6733333333,3981302.089,4051725.3225,36.1282105345232,0.6360020176281853,0.3417012407208937
alice29,152089,7,22,c-brotli,51451,3053532.0777777787,3024446.4406944457,3085995.3891666667,47.500196301676354,1.0,0.3382953402284189
alice29,152089,7,22,mbrotli,51451,3911431.36,3884992.4216666664,3939698.4495000006,37.08191701666731,0.7806687109492774,0.3382953402284189
alice29,152089,7,22,rust-brotli,51451,4750390.125,4709475.409375,4795379.232083334,30.532939251575712,0.6427960646238037,0.3382953402284189
alice29,152089,7,22,simd-brotli,51451,4866892.066666666,4832225.1866666665,4902610.092499999,29.80205254628758,0.6274090396808701,0.3382953402284189
alice29,152089,8,22,c-brotli,51187,3449884.073333333,3434845.826666666,3466011.1543333335,42.04297014762208,1.0,0.33655951449480237
alice29,152089,8,22,mbrotli,51187,4172565.075,4142759.6395833334,4207526.438541667,34.76120096411202,0.8268017421713507,0.33655951449480237
alice29,152089,8,22,rust-brotli,51187,5972290.222222222,5918176.954444443,6031968.8325000005,24.28605571916449,0.5776484304960099,0.33655951449480237
alice29,152089,8,22,simd-brotli,51187,5920152.922222223,5878793.9225,5962794.49,24.49993691268803,0.5827356351528779,0.33655951449480237
alice29,152089,9,22,c-brotli,51054,11036651.233333332,10955075.039583335,11123154.127916668,13.141973053370066,1.0,0.3356850265305183
alice29,152089,9,22,mbrotli,51054,5469407.216666667,5405754.111041667,5540099.553958334,26.519029825741686,2.017888007991408,0.3356850265305183
alice29,152089,9,22,rust-brotli,51056,14457328.366666667,14379531.81875,14537556.222916666,10.032515650839565,0.7633949339339784,0.33569817672547
alice29,152089,9,22,simd-brotli,51056,5489506.941666666,5457594.398124999,5524234.414375,26.42193090366575,2.010499549524661,0.33569817672547
alice29,152089,10,22,c-brotli,47477,45377713.6,45159749.91833333,45597330.95166666,3.196357013190505,1.0,0.3121659028595099
alice29,152089,10,22,mbrotli,47477,44660909.666666664,44479515.87083334,44848567.600833334,3.247658280820138,1.0160499178965074,0.3121659028595099
alice29,152089,10,22,rust-brotli,47488,53960411.8,53628443.43666667,54336505.2125,2.687958973432263,0.8409445385292631,0.3122382289317439
alice29,152089,10,22,simd-brotli,47488,45631049.9,45367088.1125,45893424.49333333,3.1786113496352,0.9944481597387047,0.3122382289317439
alice29,152089,11,22,c-brotli,46487,134549378.5,133881002.80166666,135244892.21833333,1.077993631222237,1.0,0.305656556358448
alice29,152089,11,22,mbrotli,46487,130855289.76666667,130252265.93583333,131483861.155,1.1084257531089712,1.02823033550971,0.305656556358448
alice29,152089,11,22,rust-brotli,46493,129370855.73333333,128911365.38166668,129856353.23916666,1.1211441115213918,1.0400285113467977,0.30569600694330296
alice29,152089,11,22,simd-brotli,46493,109496346.96666667,108854118.63083333,110190937.93416667,1.3246412060857597,1.2288024416098564,0.30569600694330296
text-1m,1048576,0,22,c-brotli,190491,4790845.058333334,4690531.550416667,4884118.992291667,208.73144253758974,1.0,0.18166637420654297
text-1m,1048576,0,22,mbrotli,190491,3523576.2533333334,3487344.0371666662,3562632.734166667,283.80257105376717,1.359654145075235,0.18166637420654297
text-1m,1048576,0,22,rust-brotli,537432,8076612.977777778,8010176.151111111,8146269.033055555,123.81427743924691,0.5931750192209284,0.5125350952148438
text-1m,1048576,0,22,simd-brotli,537432,7232530.711111112,7169645.128888889,7296099.752500001,138.26418994166607,0.6624023111264924,0.5125350952148438
text-1m,1048576,0,22,burli,82461,428332.9507556955,423530.71566211834,433475.64591452887,2334.6324354353983,11.184862266330393,0.07864093780517578
text-1m,1048576,1,22,c-brotli,138777,1374411.8258409172,1357008.3578949654,1393617.6877937925,727.5839607885811,1.0,0.13234806060791016
text-1m,1048576,1,22,mbrotli,138777,1360502.9736922553,1337444.8195786907,1387115.3374992122,735.0222817125567,1.010223316242312,0.13234806060791016
text-1m,1048576,1,22,rust-brotli,536268,9023809.283333333,8932700.064583333,9127927.4025,110.81794490570249,0.15230949399378474,0.5114250183105469
text-1m,1048576,1,22,simd-brotli,536268,7369383.133333334,7288429.958055555,7456240.730833333,135.69656807186223,0.18650296788399445,0.5114250183105469
text-1m,1048576,1,22,burli,68717,502745.07133652375,496733.31694942905,509895.2284772337,1989.079668830065,2.7338146193797765,0.06553363800048828
text-1m,1048576,2,22,c-brotli,57403,1345385.7670607243,1328445.2051573517,1367303.3105212157,743.2812390937571,1.0,0.05474376678466797
text-1m,1048576,2,22,mbrotli,57403,1124839.197826423,1112095.2693162437,1138649.6035415,889.0159606211668,1.196069420109535,0.05474376678466797
text-1m,1048576,2,22,rust-brotli,57389,2729910.204761905,2698865.9735714286,2764035.003928571,366.3124150588012,0.4928315095177517,0.05473041534423828
text-1m,1048576,2,22,simd-brotli,57389,2944243.86111111,2913025.301388888,2977503.9970833333,339.64577907708235,0.45695459701255775,0.05473041534423828
text-1m,1048576,2,22,burli,58009,1357274.0006533249,1338057.2287016625,1375582.91221911,736.770909572164,0.9912410953227734,0.055321693420410156
text-1m,1048576,3,22,c-brotli,56879,1512958.4942522948,1496608.7042800584,1531144.8243486986,660.9566645740673,1.0,0.054244041442871094
text-1m,1048576,3,22,mbrotli,56879,1263984.5761036547,1248903.1152849852,1280046.9763064797,791.1488944608717,1.1969754400928883,0.054244041442871094
text-1m,1048576,3,22,rust-brotli,56893,2866707.333333333,2829868.340416667,2908822.9987500007,348.8322607516498,0.52776873197344,0.05425739288330078
text-1m,1048576,3,22,simd-brotli,56893,3088535.394444444,3059440.4906944446,3121648.8662499995,323.7780605651362,0.4898627669845567,0.05425739288330078
text-1m,1048576,3,22,burli,57522,1662796.6939923416,1638014.4988544225,1691085.8346953283,601.3964326564903,0.9098878412006651,0.05485725402832031
text-1m,1048576,4,22,c-brotli,55915,1888629.8566597968,1874838.073225209,1903677.14045488,529.4843753918967,1.0,0.05332469940185547
text-1m,1048576,4,22,mbrotli,55915,1673418.1019746943,1650313.2325980607,1702882.854786829,597.5792892523175,1.1286060874034676,0.05332469940185547
text-1m,1048576,4,22,rust-brotli,55891,2697476.1809523804,2676867.8491666666,2720272.6327380957,370.71689717272557,0.7001470003686893,0.05330181121826172
text-1m,1048576,4,22,simd-brotli,55891,2959304.1055555553,2921631.717083334,3000511.0476388894,337.91728201325503,0.6382006678915619,0.05330181121826172
text-1m,1048576,4,22,burli,57788,2095144.6813719235,2072240.1254854652,2118851.8019929905,477.29400689654955,0.9014317118296105,0.055110931396484375
text-1m,1048576,5,22,c-brotli,51228,2867485.0000000005,2828176.8619444445,2909920.9486111104,348.73765686655724,1.0,0.048854827880859375
text-1m,1048576,5,22,mbrotli,51228,2860835.661111111,2824806.5570833334,2897801.7587499996,349.5482154370284,1.0023242645424475,0.048854827880859375
text-1m,1048576,5,22,rust-brotli,52238,4220663.291666667,4179556.3466666667,4266816.768541667,236.92958449787102,0.6793920296038778,0.04981803894042969
text-1m,1048576,5,22,simd-brotli,51238,4577516.475,4497298.879791667,4662119.534375,218.45907173933222,0.6264281113264591,0.04886436462402344
text-1m,1048576,5,22,burli,52668,4402557.683333334,4287907.5925,4534970.76875,227.14069228114334,0.6513225280057944,0.050228118896484375
text-1m,1048576,6,22,c-brotli,50823,3048462.4500000007,3010339.597222221,3091487.145833332,328.0342193488392,1.0,0.048468589782714844
text-1m,1048576,6,22,mbrotli,50823,3196730.766666666,3152525.4379166667,3244654.9406944453,312.8195875696883,0.9536187663306818,0.048468589782714844
text-1m,1048576,6,22,rust-brotli,51421,4836986.2,4792978.544791667,4884775.324375,206.74030453094946,0.6302400552641644,0.04903888702392578
text-1m,1048576,6,22,simd-brotli,50830,5312717.408333333,5231950.926041666,5401220.020833333,188.22759110647158,0.5738047435420327,0.04847526550292969
text-1m,1048576,7,22,c-brotli,50580,3631017.940000001,3581227.836166667,3692237.5270000007,275.404863463715,1.0,0.048236846923828125
text-1m,1048576,7,22,mbrotli,50580,3748294.4200000004,3686693.502000001,3818079.723500001,266.78800754397514,0.9687120415690292,0.048236846923828125
text-1m,1048576,7,22,rust-brotli,50909,6072753.266666668,5978222.659166667,6173636.365277777,164.6699538229222,0.5979195565100022,0.04855060577392578
text-1m,1048576,7,22,simd-brotli,50909,6299714.233333333,6208342.234166668,6403592.781944446,158.7373590231688,0.576378198361347,0.04855060577392578
text-1m,1048576,8,22,c-brotli,50473,3908748.466666666,3853960.803999999,3966027.0789999994,255.83636515060488,1.0,0.048134803771972656
text-1m,1048576,8,22,mbrotli,50473,4603347.683333334,4551044.880208334,4658233.8825,217.23321130414578,0.8491099815941556,0.048134803771972656
text-1m,1048576,8,22,rust-brotli,50648,7233402.933333333,7150177.4730555555,7320828.4227777785,138.24751769208785,0.5403747727994211,0.04830169677734375
text-1m,1048576,8,22,simd-brotli,50648,7457139.322222223,7375380.731944444,7542510.489444443,134.09968042571057,0.5241619202444862,0.04830169677734375
text-1m,1048576,9,22,c-brotli,50608,12416110.533333333,12288864.147916667,12550285.361666666,80.54052010211379,1.0,0.0482635498046875
text-1m,1048576,9,22,mbrotli,50608,5917246.633333332,5819045.065833333,6023288.050833334,168.9975189417912,2.098291875040373,0.0482635498046875
text-1m,1048576,9,22,rust-brotli,50510,15896550.366666667,15778728.539166668,16026405.209166666,62.90672988379233,0.7810569115277087,0.04817008972167969
text-1m,1048576,9,22,simd-brotli,50510,15209050.366666667,15056278.442916667,15365559.571666667,65.75032470085559,0.8163632990883798,0.04817008972167969
text-1m,1048576,10,22,c-brotli,47492,52772085.56666667,52386811.64416666,53199867.37416666,18.94941216103172,1.0,0.045291900634765625
text-1m,1048576,10,22,mbrotli,47492,58492420.7,58056921.5225,58950748.16,17.096232093536862,0.9022038229077202,0.045291900634765625
text-1m,1048576,10,22,rust-brotli,47516,61279251.13333333,60902220.22083333,61686795.42916667,16.318737280652606,0.8611738001145526,0.045314788818359375
text-1m,1048576,10,22,simd-brotli,47516,53485605.3,53061709.597500004,53935305.079166666,18.69661929393926,0.9866595931871537,0.045314788818359375
text-1m,1048576,11,22,c-brotli,46491,139191181.6,138661485.12416667,139749231.83416668,7.184363179513379,1.0,0.04433727264404297
text-1m,1048576,11,22,mbrotli,46491,141526632.56666666,140945147.15583333,142097227.125,7.065807910952351,0.9834981520840853,0.04433727264404297
text-1m,1048576,11,22,rust-brotli,46491,136999751.56666666,136354835.96833333,137650876.77583334,7.299283309381631,1.0159958686659876,0.04433727264404297
text-1m,1048576,11,22,simd-brotli,46491,117567535.96666667,116933661.46083333,118263903.00999999,8.505749412690975,1.1839253111459627,0.04433727264404297
binary-64k,65536,0,22,c-brotli,3369,14019.834321639468,13879.647182882289,14179.471056098679,4457.969942164858,1.0,0.0514068603515625
binary-64k,65536,0,22,mbrotli,3369,11902.400778465864,11802.211880824345,12008.696845545255,5251.041463254761,1.1778997012942565,0.0514068603515625
binary-64k,65536,0,22,rust-brotli,51603,315470.85256078624,314097.24950477417,316865.0158749544,198.1165597159479,0.0444409814974525,0.7873992919921875
binary-64k,65536,0,22,simd-brotli,51603,311073.47242349415,309263.0091665122,313230.6475521572,200.91716440196083,0.045069205716625434,0.7873992919921875
binary-64k,65536,0,22,burli,3433,17168.885257263013,17017.721159131637,17317.56809333755,3640.306232086932,0.8165838440622468,0.0523834228515625
binary-64k,65536,1,22,c-brotli,3202,18933.803339335427,18729.150470930348,19185.801679971715,3300.9743937793396,1.0,0.048858642578125
binary-64k,65536,1,22,mbrotli,3202,16345.09247781089,16230.127800036678,16487.437408461017,3823.7776925915978,1.1583784775178736,0.048858642578125
binary-64k,65536,1,22,rust-brotli,49877,350028.8607284714,347029.65342162567,353445.67063145933,178.5567049240641,0.054092120575231606,0.7610626220703125
binary-64k,65536,1,22,simd-brotli,49877,294278.23678407486,292052.86085200665,296758.51152519166,212.38403723976046,0.06433980149618745,0.7610626220703125
binary-64k,65536,1,22,burli,3204,20118.74977737461,20010.639307611993,20243.93388774681,3106.5548650685546,0.9411023820490195,0.04888916015625
binary-64k,65536,2,22,c-brotli,2673,50131.84305750973,49872.1026742639,50401.259960899646,1246.712592000695,1.0,0.0407867431640625
binary-64k,65536,2,22,mbrotli,2673,34159.185064339,33878.011415322224,34494.42896138816,1829.668942109741,1.4675948200487263,0.0407867431640625
binary-64k,65536,2,22,rust-brotli,2673,246205.0254305397,244894.86193295554,247785.58985269486,253.85346984979694,0.20361827696182877,0.0407867431640625
binary-64k,65536,2,22,simd-brotli,2673,257901.05087554848,256113.9324175112,260252.3946245042,242.34100554386538,0.19438402010118647,0.0407867431640625
binary-64k,65536,2,22,burli,2688,27445.99766453413,27162.93153431501,27815.70546556987,2277.199056996308,1.8265629717767693,0.041015625
binary-64k,65536,3,22,c-brotli,2687,54644.97271571231,53928.44864730674,55519.7719586586,1143.7465679624925,1.0,0.0410003662109375
binary-64k,65536,3,22,mbrotli,2687,39475.91759722274,39145.53046401441,39793.458739840775,1583.2437547796756,1.3842609885161166,0.0410003662109375
binary-64k,65536,3,22,rust-brotli,2653,250549.6350841564,249459.84479911084,251697.99143180178,249.45157065986965,0.21810038836160256,0.0404815673828125
binary-64k,65536,3,22,simd-brotli,2653,260947.17450069592,259480.84332191508,262593.2751874444,239.5120779506019,0.20941009543510722,0.0404815673828125
binary-64k,65536,3,22,burli,2760,32465.745804739177,31456.18819420443,33545.73714064839,1925.1059370666476,1.683157782493804,0.0421142578125
binary-64k,65536,4,22,c-brotli,2554,55107.100144264856,54765.487302864036,55494.97745420393,1134.1551240471968,1.0,0.038970947265625
binary-64k,65536,4,22,mbrotli,2554,57604.15659532841,57243.110637119295,58020.50098467889,1084.9911481052504,0.956651453668431,0.038970947265625
binary-64k,65536,4,22,rust-brotli,2567,305799.6765211887,304575.84685964073,307173.02381947264,204.38216518410675,0.18020653511203605,0.0391693115234375
binary-64k,65536,4,22,simd-brotli,2567,300750.5150546752,299590.72535177215,301970.3083052184,207.81344294169455,0.18323193938419893,0.0391693115234375
binary-64k,65536,4,22,burli,2593,36956.2081786208,35930.6034298353,37948.16804011907,1691.1908196294962,1.4911459497661441,0.0395660400390625
binary-64k,65536,5,22,c-brotli,1588,89092.3448503591,85259.27971904057,93565.63997443962,701.5193067931478,1.0,0.02423095703125
binary-64k,65536,5,22,mbrotli,1588,111394.62179154066,107956.57229651579,115211.21814910382,561.068380096123,0.7997903616664984,0.02423095703125
binary-64k,65536,5,22,rust-brotli,1588,363876.77091229946,359746.6071038097,368456.41601627314,171.7614450719185,0.24484207834149405,0.02423095703125
binary-64k,65536,5,22,simd-brotli,1588,467339.5347318252,456163.75377115747,480379.5385956519,133.73574319122082,0.19063729521938097,0.02423095703125
binary-64k,65536,5,22,burli,1593,161571.5662348811,150310.25324845273,174029.7615687535,386.8254882739826,0.5514110367714272,0.0243072509765625
binary-64k,65536,6,22,c-brotli,1588,91643.65368157285,87481.60690601374,96245.66906811464,681.9893957650787,1.0,0.02423095703125
binary-64k,65536,6,22,mbrotli,1588,121815.23381617434,119095.42505100188,124631.30481707086,513.0721178462443,0.7523168557051575,0.02423095703125
binary-64k,65536,6,22,rust-brotli,1588,396928.77582983434,390005.9161474829,407770.92943012144,157.45897955958253,0.23088185906899583,0.02423095703125
binary-64k,65536,6,22,simd-brotli,1588,539614.0289396405,521573.5498100128,558527.4818180416,115.82352690647161,0.1698318590079203,0.02423095703125
binary-64k,65536,7,22,c-brotli,1588,82868.26142770138,78028.1554414862,88077.47405794657,754.2091377713805,1.0,0.02423095703125
binary-64k,65536,7,22,mbrotli,1588,115018.42333622197,113664.71760632208,116531.50521491615,543.391208009346,0.720478154925327,0.02423095703125
binary-64k,65536,7,22,rust-brotli,1588,586373.2977764519,577065.4281519607,596037.4833929656,106.58739106470603,0.14132338860234722,0.02423095703125
binary-64k,65536,7,22,simd-brotli,1588,607371.5824780854,596179.1610606611,619971.0630098478,102.9024106544449,0.13643750188245157,0.02423095703125
binary-64k,65536,8,22,c-brotli,1588,112561.07803400219,108019.1385718433,116751.30306140723,555.2540992999387,1.0,0.02423095703125
binary-64k,65536,8,22,mbrotli,1588,157378.19414135863,155945.40509063724,158974.00638025688,397.1325274190266,0.7152266465384571,0.02423095703125
binary-64k,65536,8,22,rust-brotli,1588,928794.0843661545,914712.502185258,944183.8482066486,67.29155692529248,0.12119056304155756,0.02423095703125
binary-64k,65536,8,22,simd-brotli,1588,918881.5428243246,905800.0489606708,932018.2821565105,68.01747242402604,0.1224979203391422,0.02423095703125
binary-64k,65536,9,22,c-brotli,1349,1637053.1918008302,1621737.3181463184,1652551.2297782532,38.178356276406184,1.0,0.0205841064453125
binary-64k,65536,9,22,mbrotli,1349,203266.39059883627,200128.27327751392,206699.02743823023,307.47827919741604,8.053732773912907,0.0205841064453125
binary-64k,65536,9,22,rust-brotli,1349,2239975.8541666665,2203194.7838541665,2277150.348229167,27.902086481754395,0.7308351957257413,0.0205841064453125
binary-64k,65536,9,22,simd-brotli,1349,291687.574710682,272470.97758544964,311774.8005425045,214.27035437485563,5.612351480602438,0.0205841064453125
binary-64k,65536,10,22,c-brotli,1063,1677865.7649316243,1663781.8550400669,1693599.3289747944,37.24970215513455,1.0,0.0162200927734375
binary-64k,65536,10,22,mbrotli,1063,1573403.4317253083,1557535.0067195152,1590019.3691959076,39.722806458777015,1.0663925927069882,0.0162200927734375
binary-64k,65536,10,22,rust-brotli,1063,2522525.833333334,2486883.0971428575,2561200.1982142846,24.77675319479714,0.6651530552273659,0.0162200927734375
binary-64k,65536,10,22,simd-brotli,1063,1834529.440396561,1798776.85677767,1887380.304122781,34.06868193213061,0.9146028011242645,0.0162200927734375
binary-64k,65536,11,22,c-brotli,1065,2950540.861111111,2915742.3740277784,2988898.768611111,21.182557009721883,1.0,0.0162506103515625
binary-64k,65536,11,22,mbrotli,1065,2934102.5555555564,2905981.569722223,2963844.66513889,21.301232256404877,1.00560249863265,0.0162506103515625
binary-64k,65536,11,22,rust-brotli,1065,3809678.5066666673,3776049.629666667,3844955.354500001,16.405583802052963,0.7744855257334375,0.0162506103515625
binary-64k,65536,11,22,simd-brotli,1065,2965750.833333334,2926653.9248611107,3012276.318611111,21.07392141562802,0.9948714598504799,0.0162506103515625
random-64k,65536,0,22,c-brotli,65540,10264.087208981056,10062.901970595734,10505.819430358219,6089.1922221113455,1.0,1.00006103515625
random-64k,65536,0,22,mbrotli,65540,9893.218281116538,9700.07262643706,10179.186065262282,6317.458912161626,1.0374871874173044,1.00006103515625
random-64k,65536,0,22,rust-brotli,65585,308357.6072310178,305958.889310194,310968.0990136581,202.68674595459473,0.033286310985320776,1.0007476806640625
random-64k,65536,0,22,simd-brotli,65585,338333.1998616606,334306.62632554834,342738.922436753,184.7291369146017,0.030337215541300377,1.0007476806640625
random-64k,65536,0,22,burli,65540,4036.5578996718004,3991.3195814843893,4084.7426407790776,15483.48904027406,2.5427821089388054,1.00006103515625
random-64k,65536,1,22,c-brotli,65540,9439.46828462892,9326.792269651905,9559.589522180922,6621.1356525000465,1.0,1.00006103515625
random-64k,65536,1,22,mbrotli,65540,8399.446753871049,8227.2940286418,8641.280686112075,7440.966272117346,1.1238202421223227,1.00006103515625
random-64k,65536,1,22,rust-brotli,65585,328924.82334225625,325546.81135247805,332979.16405998,190.01302293006586,0.02869795045783719,1.0007476806640625
random-64k,65536,1,22,simd-brotli,65585,292413.2193447251,289621.4434965991,295466.3684241202,213.73862693368503,0.03228126384225044,1.0007476806640625
random-64k,65536,1,22,burli,65540,200457.8313123204,198592.59382495392,202605.2666104446,311.7862724086982,0.04708954607975327,1.00006103515625
random-64k,65536,2,22,c-brotli,65540,29640.283875147805,28953.391720797048,30417.928487148558,2108.6167819196817,1.0,1.00006103515625
random-64k,65536,2,22,mbrotli,65540,32535.027114152475,31149.318009081093,33871.83702191753,1921.0065441381792,0.9110268687083565,1.00006103515625
random-64k,65536,2,22,rust-brotli,65540,226243.93605600705,224289.94498618448,228332.81838841425,276.25049797811164,0.1310102908915548,1.00006103515625
random-64k,65536,2,22,simd-brotli,65540,225515.67270446572,223418.93053339882,227774.17204157176,277.1426005584328,0.1314333656711783,1.00006103515625
random-64k,65536,2,22,burli,65540,182298.79271938646,180122.08977541226,184755.12539596617,342.84374058475856,0.1625917727319964,1.00006103515625
random-64k,65536,3,22,c-brotli,65540,32083.142490760005,31514.023690720693,32730.261809681986,1948.0635357960991,1.0,1.00006103515625
random-64k,65536,3,22,mbrotli,65540,39273.41211459889,38472.819863851546,40146.94239580371,1591.407434058097,0.8169176234838509,1.00006103515625
random-64k,65536,3,22,rust-brotli,65540,232489.28054586568,230801.60841405822,234275.60542369116,268.829598737865,0.13799837315265215,1.00006103515625
random-64k,65536,3,22,simd-brotli,65540,232528.07817485416,230548.95663563645,234551.21829422706,268.78474415034674,0.13797534793468874,1.00006103515625
random-64k,65536,3,22,burli,65540,184121.9523753916,181732.44932208382,186798.21414887704,339.4489315026039,0.17424941500374838,1.00006103515625
random-64k,65536,4,22,c-brotli,65540,44282.839235750034,43838.62167066534,44822.724007849596,1411.3819501786381,1.0,1.00006103515625
random-64k,65536,4,22,mbrotli,65540,46250.03056318152,45828.3857865746,46693.067423205684,1351.3504583444465,0.9574661615683878,1.00006103515625
random-64k,65536,4,22,rust-brotli,65540,254740.40082860048,249927.89816943483,261925.15919663734,245.34781211266326,0.17383516353004916,1.00006103515625
random-64k,65536,4,22,simd-brotli,65540,251388.3856695919,249265.275138531,253743.13573984246,248.61928220560605,0.17615308327709475,1.00006103515625
random-64k,65536,4,22,burli,65540,197849.83879089679,195595.676048125,200385.42759910456,315.8961381113628,0.22382044638687631,1.00006103515625
random-64k,65536,5,22,c-brotli,65540,76006.45165383026,72979.92739749074,79475.60113769291,822.2986159734821,1.0,1.00006103515625
random-64k,65536,5,22,mbrotli,65540,106915.04213984242,101161.77913928479,112359.56968850686,584.576302352773,0.7109051274040145,1.00006103515625
random-64k,65536,5,22,rust-brotli,65540,290826.2096242838,288579.8667792109,293469.74267362634,214.90497737718786,0.26134663637098743,1.00006103515625
random-64k,65536,5,22,simd-brotli,65540,354936.595197454,351218.03026180924,359014.0739557523,176.08778820124414,0.21414092737196422,1.00006103515625
random-64k,65536,5,22,burli,65540,424592.1960273668,420898.9179829179,428852.1825847883,147.20006769971724,0.17901047726494557,1.00006103515625
random-64k,65536,6,22,c-brotli,65540,103572.81480075009,95869.28058243652,111852.25530379238,603.4401992476057,1.0,1.00006103515625
random-64k,65536,6,22,mbrotli,65540,143990.1024988011,142441.67647599362,145594.7374530512,434.057611706474,0.7193050980820883,1.00006103515625
random-64k,65536,6,22,rust-brotli,65540,319702.296933584,316394.0321923883,323585.9651936471,195.49437273196682,0.32396643938490893,1.00006103515625
random-64k,65536,6,22,simd-brotli,65540,415750.7240707743,407797.8893971493,424617.0185564183,150.33046578497473,0.24912239186652296,1.00006103515625
random-64k,65536,7,22,c-brotli,65540,111589.14130707683,101979.51161485705,122247.19009731794,560.0903391487639,1.0,1.00006103515625
random-64k,65536,7,22,mbrotli,65540,133764.9598893557,132395.2340993784,135258.97945115273,467.2374592845328,0.8342180298889806,1.00006103515625
random-64k,65536,7,22,rust-brotli,65540,519490.4271016425,512527.01941211155,527392.4219933248,120.31020542322982,0.21480500021849974,1.00006103515625
random-64k,65536,7,22,simd-brotli,65540,531236.1491646478,521819.3167990281,541784.2632587401,117.65012621652215,0.21005562494673463,1.00006103515625
random-64k,65536,8,22,c-brotli,65540,119457.51971630535,117058.2741146478,122023.84549467902,523.1985407735623,1.0,1.00006103515625
random-64k,65536,8,22,mbrotli,65540,129750.34307048508,128482.56560434565,131136.68778973338,481.69429475841724,0.9206720914133669,1.00006103515625
random-64k,65536,8,22,rust-brotli,65540,858011.53134091,845818.2182718007,870739.1028562019,72.84284385120594,0.13922600728875498,1.00006103515625
random-64k,65536,8,22,simd-brotli,65540,870075.8905975319,858048.9818863743,884389.0780374401,71.83281444228687,0.137295517560275,1.00006103515625
random-64k,65536,9,22,c-brotli,65540,6508806.644444445,6433825.471666668,6586872.246666667,9.602374661620425,1.0,1.00006103515625
random-64k,65536,9,22,mbrotli,65540,170435.19589292092,168205.08046378163,172776.17429815463,366.70829444915114,38.1893341357364,1.00006103515625
random-64k,65536,9,22,rust-brotli,65540,7165304.733333332,7085391.893333332,7247854.67138889,8.722587848810823,0.9083782039534443,1.00006103515625
random-64k,65536,9,22,simd-brotli,65540,210889.91120203232,208793.87329052764,213277.01584481535,296.3631576482815,30.863527834714745,1.00006103515625
random-64k,65536,10,22,c-brotli,65540,4527053.3,4481810.320208333,4578030.3625,13.805890025637648,1.0,1.00006103515625
random-64k,65536,10,22,mbrotli,65540,4802162.466666667,4747095.719791667,4863258.568958334,13.014969908626027,0.9427113995879384,1.00006103515625
random-64k,65536,10,22,rust-brotli,65540,6013195.38888889,5936293.1519444445,6098738.952222223,10.393808276292958,0.7528531849081496,1.00006103515625
random-64k,65536,10,22,simd-brotli,65540,5067419.791666667,5004706.02375,5132263.412916667,12.333692997525244,0.8933645693701368,1.00006103515625
random-64k,65536,11,22,c-brotli,65540,8266933.688888889,8189966.926388887,8348164.72388889,7.560239667097205,1.0,1.00006103515625
random-64k,65536,11,22,mbrotli,65540,8727523.116666667,8634264.92125,8829684.27,7.161252873755875,0.947225642187277,1.00006103515625
random-64k,65536,11,22,rust-brotli,65540,10056612.033333333,9953680.3825,10164664.25,6.214816659212809,0.8220396353650282,1.00006103515625
random-64k,65536,11,22,simd-brotli,65540,8177005.38888889,8097803.591388889,8262081.210277777,7.643384959110641,1.010997705849894,1.00006103515625
random-1m,1048576,0,22,c-brotli,1048581,119135.06511472253,117869.3879815984,120449.96896851136,8393.834334476069,1.0,1.000004768371582
random-1m,1048576,0,22,mbrotli,1048581,76697.66149567085,75784.53522251242,77727.68370512869,13038.207169542507,1.5533076601226887,1.000004768371582
random-1m,1048576,0,22,rust-brotli,1049345,5072669.116666666,5035803.452083333,5113110.3741666665,197.13487653165052,0.023485676351980973,1.0007333755493164
random-1m,1048576,0,22,simd-brotli,1049345,5359119.7,5324650.20125,5396783.901458334,186.5978100843689,0.022230342254665917,1.0007333755493164
random-1m,1048576,0,22,burli,1048581,89805.44333666588,88853.86953860357,90862.01356126719,11135.18248833942,1.326590690812635,1.000004768371582
random-1m,1048576,1,22,c-brotli,1048581,158330.3484755464,156159.27322489003,160748.0501396771,6315.90853950812,1.0,1.000004768371582
random-1m,1048576,1,22,mbrotli,1048581,111833.88962946646,110583.80375783303,113237.58904097805,8941.833314688858,1.415763584724937,1.000004768371582
random-1m,1048576,1,22,rust-brotli,1049345,5489033.125,5428203.336458334,5556227.594374999,182.18144748397742,0.028844852065917602,1.0007333755493164
random-1m,1048576,1,22,simd-brotli,1049345,4820092.633333334,4765244.780625,4878117.871875,207.46489249698305,0.032847988725489094,1.0007333755493164
random-1m,1048576,1,22,burli,1048597,1580357.1426070381,1561306.717092125,1602790.632285951,632.7683616820618,0.10018643520942143,1.0000200271606445
random-1m,1048576,2,22,c-brotli,1048581,485207.79597066186,470929.0905201628,501336.8252693127,2060.97265605449,1.0,1.000004768371582
random-1m,1048576,2,22,mbrotli,1048581,508293.4229267149,491151.23623888724,525892.0715118505,1967.36757725897,0.9545820860259656,1.000004768371582
random-1m,1048576,2,22,rust-brotli,1048581,1888841.233505485,1862453.6555388079,1916263.419163217,529.425121742026,0.25688119645194774,1.000004768371582
random-1m,1048576,2,22,simd-brotli,1048581,1874804.98479018,1853700.3180934493,1896935.9722897022,533.3888100963821,0.2588044089422795,1.000004768371582
random-1m,1048576,2,22,burli,1048593,2814985.6555555556,2791612.0300000003,2839623.225000001,355.24159706691063,0.17236599234993366,1.000016212463379
random-1m,1048576,3,22,c-brotli,1048581,585982.5010698033,576640.7685307675,595113.5068452645,1706.535601616674,1.0,1.000004768371582
random-1m,1048576,3,22,mbrotli,1048581,665316.1578691355,655309.4432443363,677628.4114697546,1503.0448128642852,0.8807579586622083,1.000004768371582
random-1m,1048576,3,22,rust-brotli,1048581,2075110.0727327631,2049774.4769518906,2099683.9572067093,481.90214733191266,0.28238622556446297,1.000004768371582
random-1m,1048576,3,22,simd-brotli,1048581,2055180.5195583934,2030496.620289322,2080626.9897366022,486.57526211608644,0.2851245890534794,1.000004768371582
random-1m,1048576,3,22,burli,1048593,2798657.7166666673,2785200.64125,2813322.423611111,357.3141488667099,0.20937983862054269,1.000016212463379
random-1m,1048576,4,22,c-brotli,1048581,1174476.3259027593,1140540.614660454,1206090.8448014162,851.4433011081356,1.0,1.000004768371582
random-1m,1048576,4,22,mbrotli,1048581,1194629.388170346,1155033.9333213628,1235960.3329501785,837.0796917457105,0.9831302808493165,1.000004768371582
random-1m,1048576,4,22,rust-brotli,1048581,1820285.2294097347,1782816.2794017363,1861567.5445137376,549.3644533523303,0.6452155447548227,1.000004768371582
random-1m,1048576,4,22,simd-brotli,1048581,1799773.4285111518,1770636.628823078,1831842.6731440898,555.6254938307662,0.6525689885722646,1.000004768371582
random-1m,1048576,4,22,burli,1048593,3340673.144444444,3323200.135416667,3360307.736111112,299.3408683704974,0.3515687632763233,1.000016212463379
random-1m,1048576,5,22,c-brotli,1048581,1620738.1979654839,1477373.4433112924,1774635.1486848467,617.0027961673898,1.0,1.000004768371582
random-1m,1048576,5,22,mbrotli,1048581,1371426.44680678,1342161.0208005141,1405949.8624861399,729.1677962958883,1.1817901001830609,1.000004768371582
random-1m,1048576,5,22,rust-brotli,1048581,2782805.8444444453,2752769.6265277774,2814163.6831944445,359.34953996031953,0.582411525835014,1.000004768371582
random-1m,1048576,5,22,simd-brotli,1048581,2961218.6933333343,2910569.4116666666,3019408.750333334,337.6988002444146,0.5473213449632384,1.000004768371582
random-1m,1048576,5,22,burli,1048593,4623827.625,4595596.170833333,4654087.773333333,216.27103800176806,0.35051873240311027,1.000016212463379
random-1m,1048576,6,22,c-brotli,1048581,1684390.532629358,1653995.7306787719,1720466.5115700008,593.6865475246917,1.0,1.000004768371582
random-1m,1048576,6,22,mbrotli,1048581,1664770.0510138439,1606379.803487977,1753298.0851122038,600.6835595048101,1.0117857007360056,1.000004768371582
random-1m,1048576,6,22,rust-brotli,1048581,2991404.2888888884,2959654.6718055564,3025598.2520833337,334.29115673676955,0.5630768595491313,1.000004768371582
random-1m,1048576,6,22,simd-brotli,1048581,4489585.906666666,4137559.6318333335,4840852.737333334,222.73769135703188,0.3751772585815044,1.000004768371582
random-1m,1048576,7,22,c-brotli,1048581,2469220.1238095243,2435222.4833333334,2504094.0719047617,404.9861696644507,1.0,1.000004768371582
random-1m,1048576,7,22,mbrotli,1048581,2818146.5095238094,2722710.521547619,2919943.8339285715,354.84315546425336,0.876185860268406,1.000004768371582
random-1m,1048576,7,22,rust-brotli,1048581,4004845.5,3949140.027333333,4061320.1538333334,249.6975226634835,0.6165581478260583,1.000004768371582
random-1m,1048576,7,22,simd-brotli,1048581,4082399.993333333,4049314.011666666,4119039.8719999995,244.9539490576686,0.6048452204198084,1.000004768371582
random-1m,1048576,8,22,c-brotli,1048581,3292434.883333334,3242056.7716666674,3342379.7851388897,303.7265839522323,1.0,1.000004768371582
random-1m,1048576,8,22,mbrotli,1048581,4999387.916666667,4954947.208541667,5046009.650208333,200.0244863308683,0.6585675963165825,1.000004768371582
random-1m,1048576,8,22,rust-brotli,1048581,4843896.05,4790877.293333334,4903721.860625,206.44538810860735,0.6797079973120674,1.000004768371582
random-1m,1048576,8,22,simd-brotli,1048581,5114360.858333333,5060459.8225,5172580.631041667,195.52785337205944,0.6437627251054536,1.000004768371582
random-1m,1048576,9,22,c-brotli,1048581,11507729.5,11431470.976666667,11590671.287083333,86.89811487140013,1.0,1.000004768371582
random-1m,1048576,9,22,mbrotli,1048581,15991062.1,15875763.889166666,16114511.896666666,62.534933186207816,0.7196350954074526,1.000004768371582
random-1m,1048576,9,22,rust-brotli,1048581,13764855.833333334,13643880.05875,13886756.346666668,72.64878122285697,0.8360225228173173,1.000004768371582
random-1m,1048576,9,22,simd-brotli,1048581,13771617.266666668,13653667.161249999,13890026.373333333,72.61311294356379,0.8356120619074808,1.000004768371582
random-1m,1048576,10,22,c-brotli,1048581,131438368.1,130568954.05583332,132329156.21416666,7.608128543099281,1.0,1.000004768371582
random-1m,1048576,10,22,mbrotli,1048581,147461242.63333333,145755170.75,149686750.00666666,6.78144292115135,0.8913417909194304,1.000004768371582
random-1m,1048576,10,22,rust-brotli,1048581,160371586.46666667,158925946.735,162043848.04,6.235518535621961,0.8195863805794522,1.000004768371582
random-1m,1048576,10,22,simd-brotli,1048581,149822928.63333333,148822269.3491667,150790548.66583335,6.674545806318695,0.8772914085912278,1.000004768371582
random-1m,1048576,11,22,c-brotli,1048581,196339651.8,194609363.40750003,198336821.1775,5.093214696227753,1.0,1.000004768371582
random-1m,1048576,11,22,mbrotli,1048581,209197356.56666666,208186292.225,210209540.04416668,4.780175124637972,0.938537919514441,1.000004768371582
random-1m,1048576,11,22,rust-brotli,1048581,224745861.46666667,222578893.00083333,227409392.19166666,4.449470141403763,0.8736074182577117,1.000004768371582
random-1m,1048576,11,22,simd-brotli,1048581,201705398.83333334,200944665.27833334,202449895.0883333,4.957725503551283,0.9733980990872387,1.000004768371582
repeated-1m,1048576,0,22,c-brotli,712,166948.96926897147,165577.23912492368,168515.62133773166,5989.854291276875,1.0,0.00067901611328125
repeated-1m,1048576,0,22,mbrotli,712,157219.4727298362,156477.18954088603,158082.97065811607,6360.535260911263,1.0618848058080839,0.00067901611328125
repeated-1m,1048576,0,22,rust-brotli,12373,2557674.6857142854,2540456.7973809517,2578033.231547619,390.98013738237734,0.06527373094062876,0.011799812316894531
repeated-1m,1048576,0,22,simd-brotli,12373,2278234.9458333333,2268935.5508333333,2287657.0157291666,438.9362922506747,0.07327996156599417,0.011799812316894531
repeated-1m,1048576,0,22,burli,21,34815.92157317396,33298.324518742,36489.15798612926,28722.491171123005,4.795190295856119,2.002716064453125e-05
repeated-1m,1048576,1,22,c-brotli,190,68682.68162729926,68047.87978369206,69448.18277644012,14559.711069908642,1.0,0.0001811981201171875
repeated-1m,1048576,1,22,mbrotli,190,40071.29337935775,39800.45775140186,40369.69004157223,24955.520914509292,1.7140120978146498,0.0001811981201171875
repeated-1m,1048576,1,22,rust-brotli,5377,685606.6123677797,676549.8343617136,696502.2656570822,1458.5623620904787,0.10017797434902193,0.005127906799316406
repeated-1m,1048576,1,22,simd-brotli,5377,351799.4140741697,349981.3799104424,354084.6207277505,2842.5288957109246,0.195232507160512,0.005127906799316406
repeated-1m,1048576,1,22,burli,21,35671.455591601,34326.09249543939,37236.156024985794,28033.619133710214,1.9254241378215835,2.002716064453125e-05
repeated-1m,1048576,2,22,c-brotli,23,474442.22493740974,471420.4302847421,477744.48537002434,2107.7381974842647,1.0,2.193450927734375e-05
repeated-1m,1048576,2,22,mbrotli,23,102208.96116057357,99792.16691309742,106086.03890202538,9783.877936387278,4.6418848166556135,2.193450927734375e-05
repeated-1m,1048576,2,22,rust-brotli,23,1670762.0772873429,1659478.022293026,1684536.844359284,598.5292661320184,0.2839675567138299,2.193450927734375e-05
repeated-1m,1048576,2,22,simd-brotli,23,1916026.830032057,1905843.102026884,1926536.643088192,521.9133596283039,0.24761773556661099,2.193450927734375e-05
repeated-1m,1048576,2,22,burli,23,127060.55182540938,124068.30527754272,130344.86221900364,7870.263316454616,3.7339852387020054,2.193450927734375e-05
repeated-1m,1048576,3,22,c-brotli,13,476892.1457513285,473273.8178401124,481121.05594093294,2096.9101900903224,1.0,1.239776611328125e-05
repeated-1m,1048576,3,22,mbrotli,13,99059.77142550329,98523.77379195688,99671.90856068337,10094.915278015133,4.814185808110505,1.239776611328125e-05
repeated-1m,1048576,3,22,rust-brotli,13,1681079.1936797698,1667309.5014354314,1697394.817021667,594.8559733292915,0.28368214153400084,1.239776611328125e-05
repeated-1m,1048576,3,22,simd-brotli,13,1932644.0075369761,1917099.7849844443,1949792.081124733,517.4258663779639,0.24675633168422736,1.239776611328125e-05
repeated-1m,1048576,3,22,burli,13,192894.08654415718,187544.0147254248,198018.4168186278,5184.192102079193,2.4723004955476364,1.239776611328125e-05
repeated-1m,1048576,4,22,c-brotli,13,540391.5358721806,537390.5273329118,543557.2177248482,1850.510109093439,1.0,1.239776611328125e-05
repeated-1m,1048576,4,22,mbrotli,13,204452.8914508805,202486.29698236717,206899.1458233104,4891.10226274422,2.643110263872247,1.239776611328125e-05
repeated-1m,1048576,4,22,rust-brotli,13,1154910.8454169864,1143723.875391011,1167902.720676703,865.867702228517,0.4679075774693842,1.239776611328125e-05
repeated-1m,1048576,4,22,simd-brotli,13,1441674.7605710651,1420875.8466470453,1463559.1343161385,693.6377242283743,0.37483595513465523,1.239776611328125e-05
repeated-1m,1048576,4,22,burli,13,252824.70128200637,247480.7418288338,258323.4679357203,3955.3097261828757,2.1374158977821383,1.239776611328125e-05
repeated-1m,1048576,5,22,c-brotli,13,508450.494572522,504269.45301500265,512943.0874558101,1966.75981373712,1.0,1.239776611328125e-05
repeated-1m,1048576,5,22,mbrotli,13,216189.16518803412,213940.98381433828,219002.92001275075,4625.578710802798,2.3518777831918114,1.239776611328125e-05
repeated-1m,1048576,5,22,rust-brotli,13,1208167.7034877352,1195489.9312806337,1223485.8729947428,827.6996621522018,0.4208443025787964,1.239776611328125e-05
repeated-1m,1048576,5,22,simd-brotli,13,1501905.2762489372,1490387.7492823277,1514345.0843321234,665.8209514367885,0.33853699205478227,1.239776611328125e-05
repeated-1m,1048576,5,22,burli,13,1556323.3226236168,1543848.3616717937,1573064.8334846287,642.5400078913045,0.326699784794966,1.239776611328125e-05
repeated-1m,1048576,6,22,c-brotli,13,507129.9393489063,503787.7737856734,510780.2018534789,1971.881213094773,1.0,1.239776611328125e-05
repeated-1m,1048576,6,22,mbrotli,13,276510.7914908986,274795.2050933316,278521.6853790365,3616.4953801917536,1.8340330828122438,1.239776611328125e-05
repeated-1m,1048576,6,22,rust-brotli,13,1213624.9444928227,1206988.867670628,1221342.8599418045,823.9777902866877,0.4178638068129337,1.239776611328125e-05
repeated-1m,1048576,6,22,simd-brotli,13,1607357.5329929823,1593937.0456466102,1625273.298917734,622.139119314636,0.3155053738446133,1.239776611328125e-05
repeated-1m,1048576,7,22,c-brotli,13,506601.40853614634,503574.5419390931,509631.45115605963,1973.9384517101068,1.0,1.239776611328125e-05
repeated-1m,1048576,7,22,mbrotli,13,364619.8749127541,360148.24594115064,369681.2505257976,2742.582258411665,1.389396035137595,1.239776611328125e-05
repeated-1m,1048576,7,22,rust-brotli,13,1437004.6349345844,1424906.9859645932,1450514.8838051285,695.8919795311044,0.3525398570194646,1.239776611328125e-05
repeated-1m,1048576,7,22,simd-brotli,13,1686850.0098940853,1664677.5669054645,1711161.1332727356,592.8209349584012,0.30032392065964125,1.239776611328125e-05
repeated-1m,1048576,8,22,c-brotli,13,509728.2385237856,504847.6138751956,515379.73567241145,1961.8297053662973,1.0,1.239776611328125e-05
repeated-1m,1048576,8,22,mbrotli,13,163140.51840132606,161092.34098298295,165479.20179535577,6129.6850702656075,3.1244735735720353,1.239776611328125e-05
repeated-1m,1048576,8,22,rust-brotli,13,1845778.0126204386,1825183.8963277712,1869963.5917221385,541.7769597224244,0.27615901535208337,1.239776611328125e-05
repeated-1m,1048576,8,22,simd-brotli,13,2049290.4522741882,2032051.527283495,2068820.615934357,487.97377594291515,0.24873401325718258,1.239776611328125e-05
repeated-1m,1048576,9,22,c-brotli,13,458751.4993917896,455719.5855282801,461685.21090332104,2179.829387644062,1.0,1.239776611328125e-05
repeated-1m,1048576,9,22,mbrotli,13,165967.2968635307,164236.48220569492,168065.3428987203,6025.28340762377,2.7641077975078754,1.239776611328125e-05
repeated-1m,1048576,9,22,rust-brotli,13,1659096.874183173,1646415.507679009,1672726.5784454946,602.7375589459369,0.27650675890619575,1.239776611328125e-05
repeated-1m,1048576,9,22,simd-brotli,13,1509229.4848705528,1498792.081518251,1520153.735838766,662.5897585652923,0.3039640452234717,1.239776611328125e-05
repeated-1m,1048576,10,22,c-brotli,14,8624973.466666667,8565084.652916666,8694032.958333334,115.9423856623729,1.0,1.33514404296875e-05
repeated-1m,1048576,10,22,mbrotli,14,14097183.083333334,14027110.547083333,14167505.5825,70.93615753506595,0.6118224765672305,1.33514404296875e-05
repeated-1m,1048576,10,22,rust-brotli,14,11925248.283333333,11845873.625,12011619.58,83.8556964384209,0.7232531568102348,1.33514404296875e-05
repeated-1m,1048576,10,22,simd-brotli,14,10578706.616666667,10478407.389166668,10702954.710416667,94.52951445165405,0.8153145539623994,1.33514404296875e-05
repeated-1m,1048576,11,22,c-brotli,14,11920847.383333333,11826298.747499999,12030535.612499999,83.88665401405197,1.0,1.33514404296875e-05
repeated-1m,1048576,11,22,mbrotli,14,17949966.866666667,17789523.443333335,18120320.324166667,55.7104092407554,0.6641152862220882,1.33514404296875e-05
repeated-1m,1048576,11,22,rust-brotli,14,16120326.25,16017468.453333333,16232953.136249999,62.033483968725506,0.7394916950476317,1.33514404296875e-05
repeated-1m,1048576,11,22,simd-brotli,14,14590378.933333334,14475464.00375,14715373.237916667,68.53831587028829,0.8170348034003997,1.33514404296875e-05
