mode,quality,corpus,payload,compressed,before_ns,after_ns,speed,lower,upper
warm,5,text-1KiB,1024,146,1459.8428270042195,1436.7617352320674,1.0195870718916806,1.0124654047339359,1.0274801431862621
warm,5,text-1MiB,1048576,8254,91151.49107142857,88866.57142857142,1.0272534983389403,1.018666150355264,1.0339718681596437
warm,5,binary-256KiB,262144,94650,466375.28125,450809.4375,1.0346104965772291,1.0304221210457645,1.0545416502826288
warm,5,compressible-256KiB,262144,19,7687.60358056266,7669.56010230179,1.0016315855965838,0.9997520054321025,1.0054246569551586
warm,5,incompressible-256KiB,262144,262149,7508.963513513514,7496.045945945946,1.0009145828770518,0.9982666495181487,1.0046585847384795
warm,5,vendor-alice29.txt,152089,52809,274524.075,271449.89999999997,1.0110813900866449,1.0060399654449845,1.0159822544582258
warm,5,vendor-lcet10.txt,426754,133991,678724.96875,670500.75,1.0079666245128953,1.000734603200841,1.018649191380356
warm,5,vendor-plrabn12.txt,481861,186038,1488204.28125,1486914.75,0.9888945531255284,0.9719397082262078,1.0243170469056937
warm,5,vendor-mapsdatazrh,285886,167912,902081.46875,893776.9375,0.9900764420509631,0.9570168203531804,1.0248173177631155
warm,5,vendor-random_org_10k.bin,10000,10004,186.72066794894212,184.60115404791048,1.0170365932020835,1.007981636235531,1.0303162804538057
warm,5,vendor-quickfox_repeated,176128,51,6421.933222958058,6319.133002207505,1.0064399349236122,0.994054245397006,1.0139131781291186
warm,11,text-1KiB,1024,124,3054.9266528925623,3028.233212809917,1.0156881676147766,1.0081642361793195,1.037130121402793
warm,11,text-1MiB,1048576,8038,182220.5480769231,180217.85576923075,1.0271278919423807,1.0113500173680656,1.0488223497141613
warm,11,binary-256KiB,262144,66420,710085.75,691892.8125,1.016854239374584,1.0111968369805155,1.0293145004574145
warm,11,compressible-256KiB,262144,20,7737.826487252125,7732.899433427761,0.9994745257049589,0.9936071014681056,1.003132190334005
warm,11,incompressible-256KiB,262144,262149,7520.503109452737,7496.5279850746265,1.0014769993242036,0.9985297704842008,1.0049463184435217
warm,11,vendor-alice29.txt,152089,46487,324462.0,314326.80555555556,1.0282766113491895,1.0244762961646239,1.0333670397545651
warm,11,vendor-lcet10.txt,426754,113416,1162984.65625,1126219.46875,1.0407238138968689,1.008349649902269,1.1010200478829724
warm,11,vendor-plrabn12.txt,481861,163267,1018602.15625,1009978.375,1.018868357781499,1.0127749807015607,1.0239903667563475
warm,11,vendor-mapsdatazrh,285886,159339,966419.0625,962393.5,1.0075504189192546,0.9975019346271371,1.0130911630042638
warm,11,vendor-random_org_10k.bin,10000,10004,136.8573948948949,133.4057057057057,1.029111361025826,1.0249713348477432,1.0307790060138466
warm,11,vendor-quickfox_repeated,176128,57,6326.952564102564,6289.84358974359,1.0082119528135172,0.9986801434203708,1.0159157250570088
streaming,5,text-1MiB,1048576,8254,92289.70967741936,90237.62096774194,1.0186650481150301,1.014973288069748,1.0272581586055407
streaming,5,binary-256KiB,262144,94650,465616.09375,451845.25,1.0301790934150836,1.0282952304870896,1.03197439894786
streaming,5,vendor-alice29.txt,152089,52809,277974.45,272688.7,1.0131587257110097,1.009252903397016,1.0249899719480133
streaming,5,vendor-lcet10.txt,426754,133991,674301.9375,669819.03125,1.0063999234207843,0.9996820009729823,1.0128953913037149
streaming,11,text-1MiB,1048576,8038,110617.09259259258,107791.50925925926,1.0208055093859136,1.0109563735512799,1.0293397338646437
streaming,11,binary-256KiB,262144,66420,688631.65625,673884.03125,1.0156749987922051,1.0095262593609813,1.0258726141030994
streaming,11,vendor-alice29.txt,152089,46487,325179.55555555556,315614.25,1.0289852539926132,1.024123535574188,1.0376548591457413
streaming,11,vendor-lcet10.txt,426754,113416,797791.71875,765276.84375,1.0380637623282818,1.0296828056866194,1.0492319299338306
cold,5,text-1KiB,1024,146,2210.7684426229507,2122.4530737704918,1.04037151582506,1.0361350895017098,1.0438635897015787
cold,5,text-1MiB,1048576,8254,119722.01250000001,80722.17499999999,1.4830255627190398,1.4771669854924534,1.4962704361741617
cold,5,binary-256KiB,262144,94650,472272.40625,450940.75,1.0471122119457785,1.0435332893485911,1.051773558773655
cold,5,compressible-256KiB,262144,19,14745.2675879397,7745.971105527638,1.9039422620693172,1.8983342736140474,1.9058572383487573
cold,5,incompressible-256KiB,262144,262149,13951.312796208531,3976.8850710900474,3.51315496175508,3.4997286120404287,3.5296215647429903
cold,5,vendor-alice29.txt,152089,52809,280076.25,274640.67500000005,1.0205598390239587,1.0131769997855504,1.0235297727664283
cold,5,vendor-lcet10.txt,426754,133991,684531.25,663744.0625,1.029708762014188,1.0269465596614031,1.0350029392868894
cold,5,vendor-plrabn12.txt,481861,186038,939660.5,915102.625,1.0255340419342887,1.022328246428254,1.0303166877648575
cold,5,vendor-mapsdatazrh,285886,167912,656659.03125,658790.75,1.0011774692557924,0.9954162940816005,1.004350550813628
cold,5,vendor-random_org_10k.bin,10000,10004,1075.243602362205,176.26978346456693,6.112795373332604,6.075183185545462,6.146710019828865
cold,5,vendor-quickfox_repeated,176128,51,11715.645661157025,6967.263429752066,1.6777775434448317,1.6712807736369064,1.68449019077653
cold,11,text-1KiB,1024,124,2570.2587378640774,2504.017233009709,1.0231956728414968,1.019043980572388,1.0289778181224631
cold,11,text-1MiB,1048576,8038,168171.66666666666,118761.6875,1.417591935624817,1.3888262418528399,1.4293155206940433
cold,11,binary-256KiB,262144,66420,822134.6875,757911.65625,1.0295458039343623,1.0253317808935543,1.0366821638017947
cold,11,compressible-256KiB,262144,20,15123.472027972028,8229.63811188811,1.8370764422744714,1.8306718281992511,1.8405954934738258
cold,11,incompressible-256KiB,262144,262149,13977.596560846561,3972.75,3.513705402930775,3.4976411224341994,3.5202106072378445
cold,11,vendor-alice29.txt,152089,46487,332009.09375,319858.34375,1.0389087920388547,1.0319579444762073,1.0439596630900443
cold,11,vendor-lcet10.txt,426754,113416,817941.84375,774934.28125,1.0558719310655293,1.0422714903832726,1.064591716693338
cold,11,vendor-plrabn12.txt,481861,163267,1021282.78125,990517.6875,1.0328721243770316,1.027608758969903,1.0377036755562188
cold,11,vendor-mapsdatazrh,285886,159339,966135.96875,949169.0625,1.019505286438875,1.0146672758053252,1.022669950201593
cold,11,vendor-random_org_10k.bin,10000,10004,1093.563838223632,175.12906423473436,6.238217596655139,6.172483043590113,6.286878350181411
cold,11,vendor-quickfox_repeated,176128,57,12625.597087378641,7877.533980582524,1.6023649035969045,1.5968168183088152,1.6111591990885903
