corpus,input_bytes,quality,lgwin,implementation,compressed_bytes,mean_ns,mean_lower_ns,mean_upper_ns,mib_per_second,speed_relative_to_c,compressed_fraction
empty,0,0,22,c-brotli,1,147.10950875599238,146.18333316498652,148.2467053589899,0.0,1.0,
empty,0,0,22,mbrotli,1,74.28982191739583,73.85304883224677,74.80489397327551,0.0,1.9802108143369364,
empty,0,0,22,rust-brotli,1,1938.231732840861,1929.8552629065039,1947.302021458683,0.0,0.07589882379047337,
empty,0,0,22,burli,1,14.49904176263747,14.440383750042571,14.561324364359518,0.0,10.146153874463508,
empty,0,1,22,c-brotli,1,164.698912892946,163.41399101526005,166.27275255791486,0.0,1.0,
empty,0,1,22,mbrotli,1,74.26704102747266,73.87960494747854,74.69035298902782,0.0,2.2176582049636395,
empty,0,1,22,rust-brotli,1,2004.857586001617,1976.8980427398708,2041.2514611777729,0.0,0.08214993126839143,
empty,0,1,22,burli,1,14.857796906640322,14.721622912967485,15.014323834887517,0.0,11.085015761612539,
empty,0,2,22,c-brotli,1,165.8843417576817,163.59574420450238,168.74777834085816,0.0,1.0,
empty,0,2,22,mbrotli,1,75.64166697762731,74.48099098872366,77.45422609433936,0.0,2.193028636012816,
empty,0,2,22,rust-brotli,1,1953.6016183488255,1935.8870468019784,1973.1818267835642,0.0,0.08491206200877656,
empty,0,2,22,burli,1,14.643429155502123,14.538312250672092,14.763003057374357,0.0,11.32824422449931,
empty,0,3,22,c-brotli,1,172.64593342621635,172.07975757790706,173.21495921046335,0.0,1.0,
empty,0,3,22,mbrotli,1,75.69631956679503,75.10412820373436,76.43972592907348,0.0,2.280770510564549,
empty,0,3,22,rust-brotli,1,1962.5476316718523,1953.5493018027673,1972.4311062553857,0.0,0.08797031503339513,
empty,0,3,22,burli,1,14.639546172899525,14.567606692180338,14.735590319380947,0.0,11.793120591799186,
empty,0,4,22,c-brotli,1,168.09071219763894,167.13424280213803,169.29417949783254,0.0,1.0,
empty,0,4,22,mbrotli,1,75.03302031009349,74.72868750572724,75.36705214294656,0.0,2.2402231911091985,
empty,0,4,22,rust-brotli,1,1936.044539948747,1921.2270575599832,1958.0492545037664,0.0,0.08682171754276315,
empty,0,4,22,burli,1,14.490351652573542,14.450779681405386,14.527303103705,0.0,11.600181709032947,
empty,0,5,22,c-brotli,1,165.68913591349113,164.53315530111158,167.02361501978112,0.0,1.0,
empty,0,5,22,mbrotli,1,75.32296415783392,74.74388289750819,76.1862178167985,0.0,2.1997160861367764,
empty,0,5,22,rust-brotli,1,1936.591978377727,1928.3019234213195,1946.549207025636,0.0,0.08555707023649249,
empty,0,5,22,burli,1,14.531515539474709,14.480751570807634,14.585437040775773,0.0,11.402054759078524,
empty,0,6,22,c-brotli,1,166.44949120876328,166.1056267482727,166.80899671775163,0.0,1.0,
empty,0,6,22,mbrotli,1,74.805085043217,74.54512693928417,75.10900776322103,0.0,2.2251093105849784,
empty,0,6,22,rust-brotli,1,1932.2761795870194,1922.6235597988145,1943.6241409288077,0.0,0.08614166699728096,
empty,0,6,22,burli,1,14.547558032662096,14.471858196713633,14.651893740860867,0.0,11.441747875145218,
empty,0,7,22,c-brotli,1,159.9175663219289,159.38071403741523,160.67246591716884,0.0,1.0,
empty,0,7,22,mbrotli,1,74.97705434325268,74.6002126021093,75.48833169420568,0.0,2.1328867574579524,
empty,0,7,22,rust-brotli,1,1948.752736683245,1933.9928391752585,1964.566254860555,0.0,0.08206149672641731,
empty,0,7,22,burli,1,14.50899646011933,14.374768708539229,14.665669869997318,0.0,11.021959152136537,
empty,0,8,22,c-brotli,1,162.36326193339792,160.7166483556316,164.4770699216169,0.0,1.0,
empty,0,8,22,mbrotli,1,75.23464854283914,74.59483234271629,75.93136616433564,0.0,2.15809158516833,
empty,0,8,22,rust-brotli,1,1974.6807478293097,1956.3276214417078,1996.3254361771228,0.0,0.08222253754784291,
empty,0,8,22,burli,1,14.657507979493598,14.408377245774439,15.084846863141518,0.0,11.077139590205253,
empty,0,9,22,c-brotli,1,162.4189532613891,160.7320444839602,164.2960813900976,0.0,1.0,
empty,0,9,22,mbrotli,1,74.95094007487498,74.3232996321715,75.62213718877925,0.0,2.1670035505776815,
empty,0,9,22,rust-brotli,1,1987.4934787997408,1961.5123090893128,2018.4881367126416,0.0,0.0817204961897409,
empty,0,9,22,burli,1,14.555650604174126,14.420741692794957,14.71767564625592,0.0,11.158481175332156,
empty,0,10,22,c-brotli,1,159.33278600547982,158.08545403078608,160.8759265379724,0.0,1.0,
empty,0,10,22,mbrotli,1,75.15473361432963,74.46554666594538,75.936211619357,0.0,2.120063212826026,
empty,0,10,22,rust-brotli,1,1913.6425581796855,1890.3305842409102,1949.6850729102293,0.0,0.08326151888942206,
empty,0,10,22,burli,1,14.392916920590899,14.317466302082352,14.47542212871015,0.0,11.070222032445278,
empty,0,11,22,c-brotli,1,161.70502489158636,160.45849604709738,163.00668228272565,0.0,1.0,
empty,0,11,22,mbrotli,1,74.9137957759257,74.32024751008693,75.562662577446,0.0,2.1585480113070425,
empty,0,11,22,rust-brotli,1,1942.667776523757,1924.2542369057442,1961.882264820286,0.0,0.08323864061869812,
empty,0,11,22,burli,1,14.513923084438586,14.397874858528615,14.643180600126556,0.0,11.141372594495962,
tiny-text,44,0,22,c-brotli,48,225.22637027986133,223.46951161622252,227.29135530438637,186.30886725091005,1.0,1.0909090909090908
tiny-text,44,0,22,mbrotli,48,88.44051761695468,87.17483509338466,90.07480012805634,474.4620571265251,2.5466423800835356,1.0909090909090908
tiny-text,44,0,22,rust-brotli,48,2109.1171233491355,2093.6275074262267,2125.401616728549,19.8953720764652,0.10678703794420723,1.0909090909090908
tiny-text,44,0,22,burli,48,33.67886169740691,32.81978929122228,34.862240099051704,1245.9349219960668,6.687469793469966,1.0909090909090908
tiny-text,44,1,22,c-brotli,48,223.72385349108026,222.0759482526345,225.67260169921937,187.56010710117678,1.0,1.0909090909090908
tiny-text,44,1,22,mbrotli,48,89.0764753228397,88.0965792710231,90.10770466844453,471.07465545525235,2.5115930180245494,1.0909090909090908
tiny-text,44,1,22,rust-brotli,48,2085.66870861671,2066.8135826331963,2109.2591439200387,20.119048508766035,0.1072672052693651,1.0909090909090908
tiny-text,44,1,22,burli,48,33.170297493422666,32.850084144182915,33.519557003697216,1265.037491152908,6.744704461436996,1.0909090909090908
tiny-text,44,2,22,c-brotli,48,230.81424612711035,229.12166766731622,232.6574018201696,181.7984402001189,1.0,1.0909090909090908
tiny-text,44,2,22,mbrotli,48,87.83980957890451,87.08662401989949,88.7077098820491,477.7067496279325,2.6276724327342165,1.0909090909090908
tiny-text,44,2,22,rust-brotli,48,2094.9658495295307,2069.2323675763464,2124.7884049557156,20.0297632208651,0.11017566046670622,1.0909090909090908
tiny-text,44,2,22,burli,48,32.54950681257409,32.10665803436078,33.05003679991587,1289.1645382984707,7.09117491260867,1.0909090909090908
tiny-text,44,3,22,c-brotli,46,785.2470493432942,777.2564704504283,794.0006736482919,53.43753912474774,1.0,1.0454545454545454
tiny-text,44,3,22,mbrotli,46,1036.228389207094,1014.8596276784479,1067.7724300602756,40.49461524016286,0.757793414581271,1.0454545454545454
tiny-text,44,3,22,rust-brotli,46,4346.189814927629,4299.268965295565,4402.739922435668,9.654817600867652,0.18067481697330556,1.0454545454545454
tiny-text,44,3,22,burli,46,695.8562313140935,683.8953251059047,714.7345806770718,60.30221191327446,1.1284616189473364,1.0454545454545454
tiny-text,44,4,22,c-brotli,48,223.83343444023902,222.65673376859755,225.05526165625758,187.46828429279313,1.0,1.0909090909090908
tiny-text,44,4,22,mbrotli,48,87.44415589090659,86.60009352758105,88.4149182512906,479.86820267583647,2.5597300603997906,1.0909090909090908
tiny-text,44,4,22,rust-brotli,48,2094.350498024491,2075.224758805141,2115.4985234807496,20.03564826491822,0.10687486867712509,1.0909090909090908
tiny-text,44,4,22,burli,48,32.26950949261232,31.98842882525889,32.5697075437348,1300.3504107021388,6.936375481365241,1.0909090909090908
tiny-text,44,5,22,c-brotli,48,786.5862455871159,781.5396452969877,792.1852233061209,53.346559461581215,1.0,1.0909090909090908
tiny-text,44,5,22,mbrotli,48,1204.855727409193,1182.9088474951313,1238.854175029046,34.827132383812774,0.6528468327726806,1.0909090909090908
tiny-text,44,5,22,rust-brotli,48,4358.053859573605,4321.039357175141,4405.646040082921,9.628534036975063,0.18049025343254385,1.0909090909090908
tiny-text,44,5,22,burli,48,789.8803982945589,787.1244446196021,792.7041957409067,53.124080572799365,0.9958295550635825,1.0909090909090908
tiny-text,44,6,22,c-brotli,48,790.2400657389072,782.177572908977,799.3903090973326,53.09990184139689,1.0,1.0909090909090908
tiny-text,44,6,22,mbrotli,48,1198.2250755058749,1168.320524666244,1244.0079736634843,35.01985626878935,0.6595088701555325,1.0909090909090908
tiny-text,44,6,22,rust-brotli,48,4413.153566399781,4373.693947257622,4457.635791088321,9.508318550561345,0.17906471049535205,1.0909090909090908
tiny-text,44,6,22,burli,48,775.4416688000612,764.2030503778917,791.588232306856,54.11325133817943,1.0190838299439666,1.0909090909090908
tiny-text,44,7,22,c-brotli,48,781.0979834211602,774.2747623048408,788.3836816660233,53.72139067378656,1.0,1.0909090909090908
tiny-text,44,7,22,mbrotli,48,1183.8078136820104,1171.0177127989152,1197.8585268103718,35.446353231409375,0.6598182360291258,1.0909090909090908
tiny-text,44,7,22,rust-brotli,48,4387.543574313807,4338.933943280429,4442.52308258152,9.56381838975528,0.17802626234733648,1.0909090909090908
tiny-text,44,7,22,burli,48,785.9700526011379,778.7856843000328,795.2829694589531,53.38838265275433,0.9938012025218342,1.0909090909090908
tiny-text,44,8,22,c-brotli,48,778.1920081978385,768.7626583454731,791.6618272003075,53.92200058575666,1.0,1.0909090909090908
tiny-text,44,8,22,mbrotli,48,1239.6806240912374,1226.5451773995494,1254.793402278178,33.84877452015958,0.6277358805767425,1.0909090909090908
tiny-text,44,8,22,rust-brotli,48,4468.766002653622,4436.164301297954,4503.389969466418,9.389990412780064,0.1741402453687967,1.0909090909090908
tiny-text,44,8,22,burli,48,774.9212113051633,768.8470165614997,781.4224708279984,54.14959522297878,1.0042208121870433,1.0909090909090908
tiny-text,44,9,22,c-brotli,48,866.9034736401627,861.3277449666141,873.488974653583,48.404085573306396,1.0,1.0909090909090908
tiny-text,44,9,22,mbrotli,48,1234.8870583888427,1225.2757419272698,1248.7499934723135,33.98016817555963,0.7020103318365096,1.0909090909090908
tiny-text,44,9,22,rust-brotli,48,4446.490934597592,4406.877199548409,4492.387511111726,9.43703035474029,0.19496350861640013,1.0909090909090908
tiny-text,44,9,22,burli,48,796.7754736829403,785.7035362734923,811.9910383778627,52.66435941848876,1.0880147573231256,1.0909090909090908
tiny-text,44,10,22,c-brotli,48,243.06635143514328,240.80281600767216,245.62315570563015,172.63463113721653,1.0,1.0909090909090908
tiny-text,44,10,22,mbrotli,48,88.34354449899033,87.33577740277626,89.4402489521826,474.9828655828336,2.751376490649198,1.0909090909090908
tiny-text,44,10,22,rust-brotli,48,2132.100115449601,2120.349252004222,2145.003166799288,19.68090973674866,0.11400325419704191,1.0909090909090908
tiny-text,44,10,22,burli,48,32.95589950933398,32.56712312781429,33.35216093786645,1273.2673222889985,7.375503477497268,1.0909090909090908
tiny-text,44,11,22,c-brotli,48,240.52556635351678,238.63524923805,242.6802022721386,174.45825222671374,1.0,1.0909090909090908
tiny-text,44,11,22,mbrotli,48,87.72762708876805,87.01195428153864,88.49932106087806,478.3176214194837,2.7417311323163758,1.0909090909090908
tiny-text,44,11,22,rust-brotli,48,2182.1645493222886,2161.416284759189,2206.8935504989604,19.229379349466093,0.11022338642070618,1.0909090909090908
tiny-text,44,11,22,burli,48,33.121053890064644,32.73189821705425,33.54414624688162,1266.9183191197392,7.262014281063305,1.0909090909090908
alice29,152089,0,22,c-brotli,65795,382407.7878587824,379455.0665185965,385739.65391206084,379.2897993005115,1.0,0.4326085384215821
alice29,152089,0,22,mbrotli,65795,375181.5997862115,369106.1215087076,383053.6919417234,386.59511338125253,1.019260507649332,0.4326085384215821
alice29,152089,0,22,rust-brotli,65795,512093.7181534682,507250.06917151687,517368.11078146566,283.23599365935286,0.7467535224561757,0.4326085384215821
alice29,152089,0,22,burli,65795,422071.0906549885,418624.0439252352,425972.29633246124,343.6467844381985,0.9060269616318549,0.4326085384215821
alice29,152089,1,22,c-brotli,60292,357434.1786238959,353585.7674367038,361500.34029981616,405.7904413795011,1.0,0.3964257770121442
alice29,152089,1,22,mbrotli,60292,341207.3247035315,338282.5886151493,344397.37014251633,425.0886854024472,1.047557167579751,0.3964257770121442
alice29,152089,1,22,rust-brotli,60292,487188.37154929485,484195.23867978604,490349.6285304263,297.71517872370714,0.7336673030335863,0.3964257770121442
alice29,152089,1,22,burli,60292,442872.46748964395,439035.3253290101,447338.7940480733,327.505961095452,0.8070815073467038,0.3964257770121442
alice29,152089,2,22,c-brotli,57383,339259.2211152296,336217.00536988646,342508.18282997375,427.52964129056375,1.0,0.3772988184549836
alice29,152089,2,22,mbrotli,57383,313962.4243527934,311730.0129046444,316492.5504354618,461.97685409935485,1.0805726889597804,0.3772988184549836
alice29,152089,2,22,rust-brotli,57383,443176.7062887287,440633.893249804,445905.12682254665,327.2811297383818,0.765516815981305,0.3772988184549836
alice29,152089,2,22,burli,57383,374983.22365329106,371377.37766065256,378991.9291226895,386.7996325137389,0.9047317312224831,0.3772988184549836
alice29,152089,3,22,c-brotli,56863,325687.3377806657,322435.7372427999,329153.4951139372,445.34544725097567,1.0,0.37387976776755716
alice29,152089,3,22,mbrotli,56863,295032.4905956177,293162.47007311124,297080.35368274065,491.6183055469369,1.103903292559953,0.37387976776755716
alice29,152089,3,22,rust-brotli,56863,422806.88199997804,420143.6274838305,425582.0037574026,343.0487517653927,0.7702980997851464,0.37387976776755716
alice29,152089,3,22,burli,56863,358513.08883333637,356491.3414989142,360487.9379950248,404.5692545839997,0.9084391837422413,0.37387976776755716
alice29,152089,4,22,c-brotli,55504,305000.3896015806,303554.63019757596,306680.4741931076,475.5514355158007,1.0,0.3649442102979177
alice29,152089,4,22,mbrotli,55504,292104.29073704133,289794.70977529173,294737.972584821,496.54653391750884,1.0441489538958832,0.3649442102979177
alice29,152089,4,22,rust-brotli,55504,332240.18556779815,329720.6315831194,334974.84127733874,436.5617989889789,0.9180117362393573,0.3649442102979177
alice29,152089,4,22,burli,55504,400040.42304918624,398555.53263043513,401571.78837530577,362.5717921263087,0.7624239252543733,0.3649442102979177
alice29,152089,5,22,c-brotli,52809,283111.5191804787,281506.0474407285,284775.18743544474,512.3188682953148,1.0,0.34722432260058256
alice29,152089,5,22,mbrotli,52809,274113.45873306843,272327.8951688882,276087.49186628574,529.1362699894037,1.032826043963688,0.34722432260058256
alice29,152089,5,22,rust-brotli,52809,302817.4321502411,300852.25197934377,305361.5819803102,478.9796019271035,0.9349247735513937,0.34722432260058256
alice29,152089,5,22,burli,52809,372310.7456533813,370689.314372455,374141.1994472513,389.5761129681294,0.7604172656462985,0.34722432260058256
alice29,152089,6,22,c-brotli,51967,274660.2080975733,272229.579117996,277514.389549474,528.0829506121373,1.0,0.34168809052594207
alice29,152089,6,22,mbrotli,51967,263506.7664490903,262206.6266301763,264970.40178136085,550.4350991151213,1.0423269648775333,0.34168809052594207
alice29,152089,6,22,rust-brotli,51967,299818.31026645284,297296.0446907398,302449.06005181524,483.77089771137736,0.9160888401161318,0.34168809052594207
alice29,152089,6,22,burli,51967,363640.01872268174,361729.6266400877,365631.034207449,398.8652668575589,0.7553079802996986,0.34168809052594207
alice29,152089,7,22,c-brotli,51451,277503.43614134396,275050.7815869732,280580.9884533205,522.6723500246446,1.0,0.3382953402284189
alice29,152089,7,22,mbrotli,51451,259282.14102940878,257845.2511092141,260800.1668142643,559.403638569379,1.0702759358573348,0.3382953402284189
alice29,152089,7,22,rust-brotli,51451,291765.97756752925,289320.3970490494,294782.16685386194,497.1222975246998,0.9511165025302368,0.3382953402284189
alice29,152089,7,22,burli,51451,361853.98058349546,358721.25252918305,365105.3352989657,400.8339852280341,0.7668934184276904,0.3382953402284189
alice29,152089,8,22,c-brotli,51187,272496.8805551467,269645.430442363,276191.2110499461,532.2753523358479,1.0,0.33655951449480237
alice29,152089,8,22,mbrotli,51187,259230.11533478738,257643.23885823632,260892.48364074886,559.5159070179454,1.0511775616935006,0.33655951449480237
alice29,152089,8,22,rust-brotli,51187,293030.6148546317,290875.75101958134,295247.03048422723,494.9768582366866,0.9299263173929062,0.33655951449480237
alice29,152089,8,22,burli,51187,362699.7671599119,360762.7960319325,365189.8558266332,399.89927273364225,0.7513015039654124,0.33655951449480237
alice29,152089,9,22,c-brotli,51054,271795.1782715086,270075.69956409273,273751.9420186649,533.649544595746,1.0,0.3356850265305183
alice29,152089,9,22,mbrotli,51054,265214.3564524116,262371.0333151878,268655.28145168326,546.891107434962,1.0248132186625343,0.3356850265305183
alice29,152089,9,22,rust-brotli,51054,294910.3798695892,292930.4436734466,297191.25149320037,491.8218652461438,0.9216195726705102,0.3356850265305183
alice29,152089,9,22,burli,51054,366239.53234365734,364514.8685138162,368238.4330692172,396.0341806351208,0.7421240862017927,0.3356850265305183
alice29,152089,10,22,c-brotli,47477,380402.7047845734,376532.4828965946,385895.34891870624,381.28901630720515,1.0,0.3121659028595099
alice29,152089,10,22,mbrotli,47477,360794.0866378823,358482.2711826358,363360.9204544124,402.0115031804433,1.0543485020206878,0.3121659028595099
alice29,152089,10,22,rust-brotli,47477,424341.6081211531,421852.17088876216,427095.44019454415,341.8080394004141,0.8964539359429614,0.3121659028595099
alice29,152089,10,22,burli,47477,504009.91516740154,501177.6890002861,506836.81585972005,287.77880899373883,0.7547524231903785,0.3121659028595099
alice29,152089,11,22,c-brotli,46487,327214.2924830093,325695.1691778422,328802.49945518695,443.2672301911799,1.0,0.305656556358448
alice29,152089,11,22,mbrotli,46487,326166.4196943746,322009.0173695955,330778.6886244009,444.69131201127055,1.0032126936599315,0.305656556358448
alice29,152089,11,22,rust-brotli,46487,368406.90737148223,363639.5187052017,373250.2926779124,393.7042715696316,0.888187180901751,0.305656556358448
alice29,152089,11,22,burli,46487,447216.4626707738,443529.9411815351,451444.5353723272,324.32476264785083,0.7316687103352315,0.305656556358448
text-1m,1048576,0,22,c-brotli,190491,1175868.396552462,1162651.2525968105,1195063.1380191743,850.4353063080088,1.0,0.18166637420654297
text-1m,1048576,0,22,mbrotli,190491,1106167.4442372897,1091895.2570338908,1125106.6645663274,904.0222664386106,1.0630112128848914,0.18166637420654297
text-1m,1048576,0,22,rust-brotli,190491,1369344.685784278,1357451.8348254778,1383857.6804001117,730.2763214999154,0.8587088472023356,0.18166637420654297
text-1m,1048576,0,22,burli,190491,1203727.8959458931,1195601.9263242683,1213710.555133855,830.7525341632104,0.9768556502783886,0.18166637420654297
text-1m,1048576,1,22,c-brotli,138777,989498.7433850428,984183.9180472059,995804.5027477952,1010.6127033360677,1.0,0.13234806060791016
text-1m,1048576,1,22,mbrotli,138777,821123.2840080098,813394.0610445649,829918.1884206086,1217.8439212183457,1.205055029684666,0.13234806060791016
text-1m,1048576,1,22,rust-brotli,138777,1079583.476958597,1065800.767558246,1094537.195228651,926.2831650751087,0.9165560278605402,0.13234806060791016
text-1m,1048576,1,22,burli,138777,1047208.3678463268,1038315.7837419184,1057282.5841551262,954.9197950514712,0.9448919372369333,0.13234806060791016
text-1m,1048576,2,22,c-brotli,57403,728295.6923822869,722183.8106320705,734564.6394976272,1373.0686731497156,1.0,0.05474376678466797
text-1m,1048576,2,22,mbrotli,57403,341096.65703424613,337169.2277093708,345346.30318086845,2931.720318500805,2.1351592792337626,0.05474376678466797
text-1m,1048576,2,22,rust-brotli,57403,942164.1655219547,935133.3467888064,949418.9395097155,1061.3861539151244,0.773002963850588,0.05474376678466797
text-1m,1048576,2,22,burli,57403,392525.7249594583,387832.6154269764,397592.06256952835,2547.603727381904,1.8554088205492987,0.05474376678466797
text-1m,1048576,3,22,c-brotli,56879,723265.0418405661,715685.5383474306,731107.3155727688,1382.6190153684165,1.0,0.054244041442871094
text-1m,1048576,3,22,mbrotli,56879,322436.80886878265,319989.6210899249,325112.8960493606,3101.3828833883395,2.243121820917483,0.054244041442871094
text-1m,1048576,3,22,rust-brotli,56879,926838.8066023199,914449.4999829578,940772.0965384122,1078.936264727499,0.7803568826514388,0.054244041442871094
text-1m,1048576,3,22,burli,56879,377911.6336380868,373959.3917224981,382194.09458473156,2646.1212383783513,1.9138469881909288,0.054244041442871094
text-1m,1048576,4,22,c-brotli,55915,679969.3637726711,676102.2911473924,684065.4879253837,1470.6544930961365,1.0,0.05332469940185547
text-1m,1048576,4,22,mbrotli,55915,291560.04010946135,288032.6182983464,295439.61053785327,3429.8252930153485,2.3321761223430615,0.05332469940185547
text-1m,1048576,4,22,rust-brotli,55915,858379.1091397597,852510.913434302,864625.1029602975,1164.9864137562345,0.7921550705656325,0.05332469940185547
text-1m,1048576,4,22,burli,55915,467037.8424532475,461981.61861598346,472361.9310780979,2141.1541187909293,1.4559192038935023,0.05332469940185547
text-1m,1048576,5,22,c-brotli,51228,720854.725094581,714902.8015779995,727658.9749693066,1387.2420685995965,1.0,0.048854827880859375
text-1m,1048576,5,22,mbrotli,51228,330426.48143666127,327178.44841611537,333840.96948999644,3026.391818392098,2.1815888422755245,0.048854827880859375
text-1m,1048576,5,22,rust-brotli,51228,888995.2481142107,875909.1315940748,904974.9600944911,1124.8654052102743,0.8108645424412568,0.048854827880859375
text-1m,1048576,5,22,burli,51228,442718.30244849075,438374.84281136486,447617.9077121389,2258.7726653030063,1.6282469486981528,0.048854827880859375
text-1m,1048576,6,22,c-brotli,50823,711334.7200280802,706884.6439777651,716099.7523000271,1405.8079436366113,1.0,0.048468589782714844
text-1m,1048576,6,22,mbrotli,50823,328439.17873795907,324260.4954442059,334015.9820684127,3044.703752586828,2.1658034914147963,0.048468589782714844
text-1m,1048576,6,22,rust-brotli,50823,858844.6869534485,855373.6502337029,862602.0587774233,1164.354877186546,0.8282460505768213,0.048468589782714844
text-1m,1048576,6,22,burli,50823,436238.02867782244,431283.234127886,441515.13823322905,2292.326515024063,1.6306114397775866,0.048468589782714844
text-1m,1048576,7,22,c-brotli,50580,712537.8850762597,706486.326481881,719297.4936777762,1403.434148477557,1.0,0.048236846923828125
text-1m,1048576,7,22,mbrotli,50580,327210.5265550971,324126.57635852275,331038.50139968196,3056.136397957893,2.177612965505496,0.048236846923828125
text-1m,1048576,7,22,rust-brotli,50580,855695.5849122473,851265.0445242113,860459.3944246767,1168.6398967485047,0.8327002004449181,0.048236846923828125
text-1m,1048576,7,22,burli,50580,433798.735509825,430135.6755663558,437932.9012732421,2305.2164935998326,1.642554084992536,0.048236846923828125
text-1m,1048576,8,22,c-brotli,50473,701084.8483512298,696268.6604669144,707242.646468968,1426.3608782185797,1.0,0.048134803771972656
text-1m,1048576,8,22,mbrotli,50473,322051.52266109834,320293.75466412393,324071.3231124059,3105.093221534994,2.1769338103362927,0.048134803771972656
text-1m,1048576,8,22,rust-brotli,50473,852988.4227133,847927.7732310211,858434.8352853641,1172.3488541838187,0.8219160186502005,0.048134803771972656
text-1m,1048576,8,22,burli,50473,426908.68276775716,423796.8635444655,430224.5412128075,2342.421319512048,1.6422360955647917,0.048134803771972656
text-1m,1048576,9,22,c-brotli,50608,704916.3479681086,699927.5054350263,711348.3976290866,1418.608041766172,1.0,0.0482635498046875
text-1m,1048576,9,22,mbrotli,50608,327024.460306918,325455.7951940359,328629.0772197737,3057.8752398566244,2.1555462466218356,0.0482635498046875
text-1m,1048576,9,22,rust-brotli,50608,877258.368238647,869558.1072963731,886745.397192526,1139.915030970628,0.8035447406257686,0.0482635498046875
text-1m,1048576,9,22,burli,50608,427452.9927379622,425312.92720728926,429774.8092635737,2339.43852771905,1.6491084632556012,0.0482635498046875
text-1m,1048576,10,22,c-brotli,47492,776462.1881476971,770271.1517285486,783531.8329125892,1287.8927206816952,1.0,0.045291900634765625
text-1m,1048576,10,22,mbrotli,47492,390384.91013990453,387222.5190010527,393960.51411426463,2561.574420593317,1.9889656797170563,0.045291900634765625
text-1m,1048576,10,22,rust-brotli,47492,952877.8851758987,946473.0360361502,959508.8618607685,1049.4524173109576,0.8148601203021564,0.045291900634765625
text-1m,1048576,10,22,burli,47492,533971.0567526028,529317.828862045,538705.1019020827,1872.7606812279262,1.4541278564232074,0.045291900634765625
text-1m,1048576,11,22,c-brotli,46491,735840.0917334962,729354.4085281896,742649.0246069018,1358.990915599875,1.0,0.04433727264404297
text-1m,1048576,11,22,mbrotli,46491,347531.81728904415,344358.54490071745,350927.8192054386,2877.4343822692194,2.1173315798060983,0.04433727264404297
text-1m,1048576,11,22,rust-brotli,46491,881614.8640104507,874702.4319902806,888933.6194778518,1134.282146118791,0.834650278451718,0.04433727264404297
text-1m,1048576,11,22,burli,46491,449861.8265502354,446081.46511287737,454044.38257847034,2222.9047698234326,1.635702449741701,0.04433727264404297
binary-64k,65536,0,22,c-brotli,3369,37868.82192478838,37571.37868806437,38206.3864178015,1650.4342312029623,1.0,0.0514068603515625
binary-64k,65536,0,22,mbrotli,3369,11153.34881845637,11062.675390885652,11259.400887987682,5603.698137421836,3.395287150180734,0.0514068603515625
binary-64k,65536,0,22,rust-brotli,3369,126877.21115542472,126165.74416051073,127568.74055181292,492.6022524520769,0.29846827164571765,0.0514068603515625
binary-64k,65536,0,22,burli,3369,16403.431514456865,16175.339299585588,16675.9120560134,3810.1783730383954,2.3085914609643345,0.0514068603515625
binary-64k,65536,1,22,c-brotli,3202,36170.770732182915,35910.09445760649,36504.418648056,1727.9145214450925,1.0,0.048858642578125
binary-64k,65536,1,22,mbrotli,3202,10199.321910036324,10068.664945284014,10386.136040499245,6127.858356789271,3.546389755243454,0.048858642578125
binary-64k,65536,1,22,rust-brotli,3202,127761.81018100413,124610.92964517201,133263.4024572136,489.1915660200361,0.283110975658052,0.048858642578125
binary-64k,65536,1,22,burli,3202,14339.42004522038,14137.788866608282,14576.9543684161,4358.614211934779,2.522470965918832,0.048858642578125
binary-64k,65536,2,22,c-brotli,2673,35031.21866897343,34671.70929142355,35474.335082511185,1784.1229159222833,1.0,0.0407867431640625
binary-64k,65536,2,22,mbrotli,2673,9519.804853394255,9436.127289683905,9614.468489839299,6565.260629026007,3.6798252914273935,0.0407867431640625
binary-64k,65536,2,22,rust-brotli,2673,45281.38503092695,44925.10985252689,45696.90642320089,1380.2581338294497,0.7736339920929383,0.0407867431640625
binary-64k,65536,2,22,burli,2673,12183.612594576296,12053.486694717907,12324.088375745478,5129.8413762616465,2.8752735198235095,0.0407867431640625
binary-64k,65536,3,22,c-brotli,2687,35068.83252580499,34744.49566325405,35424.38510838637,1782.2093151806553,1.0,0.0410003662109375
binary-64k,65536,3,22,mbrotli,2687,8996.673133742417,8919.085610860955,9083.785707355875,6947.012420134617,3.8979778418622093,0.0410003662109375
binary-64k,65536,3,22,rust-brotli,2687,45430.76799664834,45141.981306313275,45728.56401248937,1375.7196445503837,0.7719181090751579,0.0410003662109375
binary-64k,65536,3,22,burli,2687,11987.309353617205,11856.647908373794,12133.353301467021,5213.847257653399,2.9254965807003943,0.0410003662109375
binary-64k,65536,4,22,c-brotli,2554,34908.784102893595,34581.440727811336,35317.53419694708,1790.3803184832027,1.0,0.038970947265625
binary-64k,65536,4,22,mbrotli,2554,9161.846875094809,9100.47843068099,9229.884138004914,6821.768673071524,3.8102343969301877,0.038970947265625
binary-64k,65536,4,22,rust-brotli,2554,44934.70494176769,44443.408453818054,45500.81208315101,1390.9070968863762,0.7768780088382242,0.038970947265625
binary-64k,65536,4,22,burli,2554,12146.615068505727,11957.04060847797,12401.567220816492,5145.466423979527,2.873951624054228,0.038970947265625
binary-64k,65536,5,22,c-brotli,1588,34963.294550373714,34702.97281291568,35247.16231156152,1787.588978777515,1.0,0.02423095703125
binary-64k,65536,5,22,mbrotli,1588,9816.740680885405,9732.396990926996,9920.677698333899,6366.67525726705,3.5615990772224673,0.02423095703125
binary-64k,65536,5,22,rust-brotli,1588,45635.4217675229,45148.49487896052,46196.567873472224,1369.5501778944665,0.7661437803398552,0.02423095703125
binary-64k,65536,5,22,burli,1588,10517.000062610316,10424.570843131827,10631.709661990779,5942.759306638962,3.324455105279883,0.02423095703125
binary-64k,65536,6,22,c-brotli,1588,35276.20325506024,34756.84986083096,35928.49920516958,1771.7326195254477,1.0,0.02423095703125
binary-64k,65536,6,22,mbrotli,1588,9817.167956588,9742.646617078746,9900.603375253808,6366.39815844835,3.593317687041043,0.02423095703125
binary-64k,65536,6,22,rust-brotli,1588,45658.06794282246,45248.50163723112,46109.619459881025,1368.870887797282,0.7726170826859468,0.02423095703125
binary-64k,65536,6,22,burli,1588,10504.239227300763,10404.439964585827,10617.157616236675,5949.978732163777,3.35828254590552,0.02423095703125
binary-64k,65536,7,22,c-brotli,1588,35136.190413314565,34769.7515155521,35517.39282760455,1778.7927280902982,1.0,0.02423095703125
binary-64k,65536,7,22,mbrotli,1588,9744.021678817458,9692.469631148635,9803.007168352391,6414.189341949929,3.605922849052889,0.02423095703125
binary-64k,65536,7,22,rust-brotli,1588,46029.9771348576,45616.12107924029,46485.56740376048,1357.8107983171246,0.7633327800788025,0.02423095703125
binary-64k,65536,7,22,burli,1588,10704.113839344507,10594.30457243323,10831.369712316144,5838.876616789358,3.282494089717773,0.02423095703125
binary-64k,65536,8,22,c-brotli,1588,34530.285256798474,34323.316625057036,34763.610149762746,1810.0053195388743,1.0,0.02423095703125
binary-64k,65536,8,22,mbrotli,1588,9916.644570230192,9823.909083380793,10014.816397487119,6302.535051788108,3.482053330867432,0.02423095703125
binary-64k,65536,8,22,rust-brotli,1588,46144.24935200615,45852.653428181875,46455.617319881596,1354.448298058245,0.7483117775605824,0.02423095703125
binary-64k,65536,8,22,burli,1588,10564.358203983378,10490.17526610402,10645.819541703215,5916.118972228134,3.268564411587118,0.02423095703125
binary-64k,65536,9,22,c-brotli,1349,34773.901792214405,34386.5073571288,35189.45167958644,1797.3249126157377,1.0,0.0205841064453125
binary-64k,65536,9,22,mbrotli,1349,9721.795220925527,9652.113618680682,9803.867888545492,6428.853784687096,3.5769012823234396,0.0205841064453125
binary-64k,65536,9,22,rust-brotli,1349,46061.25007693854,45502.35915483297,46703.438867780256,1356.8889228061105,0.7549491543136524,0.0205841064453125
binary-64k,65536,9,22,burli,1349,9627.532399233056,9580.698238351555,9679.263067956656,6491.798459694495,3.611922593476242,0.0205841064453125
binary-64k,65536,10,22,c-brotli,1063,38718.869962992794,38562.1740941762,38882.26795968457,1614.2000027308914,1.0,0.0162200927734375
binary-64k,65536,10,22,mbrotli,1063,14646.159875889638,14576.077906223254,14731.452799784705,4267.330175938259,2.643619234740938,0.0162200927734375
binary-64k,65536,10,22,rust-brotli,1063,51780.99938338021,51332.4920706247,52393.225496766696,1207.0064453035682,0.7477428096032485,0.0162200927734375
binary-64k,65536,10,22,burli,1063,14852.198136358726,14758.973211478893,14955.274381772273,4208.13131000439,2.6069454236681358,0.0162200927734375
binary-64k,65536,11,22,c-brotli,1065,38563.83074172811,38405.532840542895,38732.72477147857,1620.689615058695,1.0,0.0162506103515625
binary-64k,65536,11,22,mbrotli,1065,14198.963090860603,14101.997061800157,14311.911494771695,4401.729872812273,2.715961052575054,0.0162506103515625
binary-64k,65536,11,22,rust-brotli,1065,51383.35846117752,50946.077772596786,52053.44304589343,1216.3471184395548,0.7505120703790673,0.0162506103515625
binary-64k,65536,11,22,burli,1065,14393.591790846602,14298.371743501075,14516.185598029506,4342.210124351725,2.67923610048829,0.0162506103515625
random-64k,65536,0,22,c-brotli,65540,2904.6122416716635,2889.7087190492907,2921.415028055645,21517.50209660687,1.0,1.00006103515625
random-64k,65536,0,22,mbrotli,65540,1173.8987001611536,1166.752193949479,1182.3000104338514,53241.391264356935,2.4743295492813107,1.00006103515625
random-64k,65536,0,22,rust-brotli,65540,88577.04542855294,87953.02726370988,89274.5857489137,705.6004148435169,0.03279192964292933,1.00006103515625
random-64k,65536,0,22,burli,65540,1016.5539101483826,1012.2927468513295,1021.2151771511104,61482.228710208896,2.8573125465108764,1.00006103515625
random-64k,65536,1,22,c-brotli,65540,2929.1696359689736,2911.8769647133936,2950.1231803465707,21337.104970817065,1.0,1.00006103515625
random-64k,65536,1,22,mbrotli,65540,1162.2358617641614,1157.6649546067615,1166.9360238857373,53775.659533626036,2.5202884649616455,1.00006103515625
random-64k,65536,1,22,rust-brotli,65540,88071.14613225585,87527.01394546634,88741.10359417077,709.6535329078627,0.03325912929042912,1.00006103515625
random-64k,65536,1,22,burli,65540,1009.5836985044978,1006.0052869131756,1013.4471875352764,61906.704805734895,2.901363839677651,1.00006103515625
random-64k,65536,2,22,c-brotli,65540,2905.5802188837174,2888.868709958794,2925.5140656879244,21510.33366547753,1.0,1.00006103515625
random-64k,65536,2,22,mbrotli,65540,1153.3422139604866,1146.4694478266292,1161.6689464394806,54190.33418137008,2.519269808833393,1.00006103515625
random-64k,65536,2,22,rust-brotli,65540,88070.92322823948,87698.80949042393,88460.3088407774,709.6553290128302,0.03299136777928153,1.00006103515625
random-64k,65536,2,22,burli,65540,1026.375739491071,1014.6966492273064,1044.88080482284,60893.878913185006,2.830912800340011,1.00006103515625
random-64k,65536,3,22,c-brotli,65540,2903.205253348104,2879.9138204431642,2930.569745512108,21527.93018265665,1.0,1.00006103515625
random-64k,65536,3,22,mbrotli,65540,1160.3828615025313,1155.4531403517458,1165.2133669529,53861.5331831697,2.501937377452184,1.00006103515625
random-64k,65536,3,22,rust-brotli,65540,88353.92813687115,87717.71715040482,89148.60605153313,707.3822445469518,0.032858813575902146,1.00006103515625
random-64k,65536,3,22,burli,65540,1001.397959762149,997.9359753208959,1005.3497437028357,62412.749487571295,2.899152355011459,1.00006103515625
random-64k,65536,4,22,c-brotli,65540,2877.3961252654044,2851.0337258684103,2921.2477128444434,21721.027373050747,1.0,1.00006103515625
random-64k,65536,4,22,mbrotli,65540,1133.9624859614871,1128.091678825908,1140.3362278993516,55116.461764611406,2.5374702963173066,1.00006103515625
random-64k,65536,4,22,rust-brotli,65540,88582.25388627648,88198.12302612727,88962.67214463736,705.5589269633921,0.032482760361454095,1.00006103515625
random-64k,65536,4,22,burli,65540,983.508180469499,979.7042217019537,988.3858365887445,63548.02251890194,2.9256453402266738,1.00006103515625
random-64k,65536,5,22,c-brotli,65540,2871.547812100302,2857.6360154924755,2888.766324680607,21765.26531671655,1.0,1.00006103515625
random-64k,65536,5,22,mbrotli,65540,1175.4341639079641,1167.1617389669238,1184.1170757121226,53171.84230225736,2.4429677988542307,1.00006103515625
random-64k,65536,5,22,rust-brotli,65540,89161.07645427674,88207.01805561273,90242.05231461351,700.978526566478,0.03220629366866021,1.00006103515625
random-64k,65536,5,22,burli,65540,1025.0558516392043,1017.2191953705656,1036.6570814120432,60972.287412489735,2.801357416289371,1.00006103515625
random-64k,65536,6,22,c-brotli,65540,2887.146781623524,2875.119353852304,2901.0867108381995,21647.669733249408,1.0,1.00006103515625
random-64k,65536,6,22,mbrotli,65540,1155.347377649505,1146.8774774388978,1164.7014069329352,54096.284121190496,2.4989426015725904,1.00006103515625
random-64k,65536,6,22,rust-brotli,65540,88411.43830078773,87669.2000368041,89237.67748036745,706.9221042119743,0.03265580604854609,1.00006103515625
random-64k,65536,6,22,burli,65540,1007.3867216515097,997.9019019927808,1017.91334866044,62041.71511962904,2.8659766101446484,1.00006103515625
random-64k,65536,7,22,c-brotli,65540,2906.05376348365,2880.861439569822,2936.367019089208,21506.82853337088,1.0,1.00006103515625
random-64k,65536,7,22,mbrotli,65540,1157.905687572507,1146.167004551871,1170.419229288439,53976.76224479751,2.509749968994496,1.00006103515625
random-64k,65536,7,22,rust-brotli,65540,89956.54636310835,88799.41232535425,91299.31885754046,694.7798968150646,0.03230508374291521,1.00006103515625
random-64k,65536,7,22,burli,65540,1020.2150530800723,1006.2391564167222,1035.7523315764129,61261.5936329403,2.8484717557441948,1.00006103515625
random-64k,65536,8,22,c-brotli,65540,2959.990941367707,2930.764598803392,2992.5901456239185,21114.929483912867,1.0,1.00006103515625
random-64k,65536,8,22,mbrotli,65540,1164.167394588378,1150.9525594142274,1178.4546990463925,53686.43744063844,2.5425818959775017,1.00006103515625
random-64k,65536,8,22,rust-brotli,65540,91359.23907652008,90076.91543023779,92830.12860643101,684.1125279913032,0.032399470171686706,1.00006103515625
random-64k,65536,8,22,burli,65540,1008.6345441967309,998.2431047810946,1019.9459695347911,61964.960807261006,2.9346515627471614,1.00006103515625
random-64k,65536,9,22,c-brotli,65540,2969.2821146077167,2935.982867502302,3005.945506828348,21048.858810863487,1.0,1.00006103515625
random-64k,65536,9,22,mbrotli,65540,1176.5019960778093,1166.3264578945177,1187.4236853284638,53123.581777473235,2.5238224197720274,1.00006103515625
random-64k,65536,9,22,rust-brotli,65540,89928.16912940207,89183.56780997297,90733.7069134033,694.9991377013989,0.03301837614791279,1.00006103515625
random-64k,65536,9,22,burli,65540,1001.1628261065551,993.3738375286355,1010.1677260345007,62427.40778046831,2.9658333661418745,1.00006103515625
random-64k,65536,10,22,c-brotli,65540,2919.7916734890136,2897.418253143342,2943.813977652712,21405.636767679196,1.0,1.00006103515625
random-64k,65536,10,22,mbrotli,65540,1165.6375419228978,1156.6699757049528,1175.0464669541766,53618.72602086638,2.5048881564610297,1.00006103515625
random-64k,65536,10,22,rust-brotli,65540,89668.02343052899,88649.89518579222,90774.23012713008,697.015475627411,0.03256223971247839,1.00006103515625
random-64k,65536,10,22,burli,65540,1010.6966646218441,1000.8721480431602,1020.8711976854507,61838.53394171891,2.888890184060778,1.00006103515625
random-64k,65536,11,22,c-brotli,65540,2977.902191241696,2932.9635732140223,3038.243633647676,20987.929081021754,1.0,1.00006103515625
random-64k,65536,11,22,mbrotli,65540,1173.3044382679416,1161.545467299247,1186.0235709565359,53268.35726647716,2.5380473252430056,1.00006103515625
random-64k,65536,11,22,rust-brotli,65540,90100.99520445352,89183.1062372412,91036.19421761199,693.6660339675221,0.03305071364066913,1.00006103515625
random-64k,65536,11,22,burli,65540,1009.5992393702564,1000.8172258971952,1019.6371434939775,61905.75186940983,2.9495883862780845,1.00006103515625
random-1m,1048576,0,22,c-brotli,1048581,68016.9100800969,66978.70441519681,69201.9067180314,14702.226237892859,1.0,1.000004768371582
random-1m,1048576,0,22,mbrotli,1048581,19769.59312539831,19527.11816054996,20044.864379251325,50582.7304414922,3.440481028044755,1.000004768371582
random-1m,1048576,0,22,rust-brotli,1048581,145786.17397826526,144325.63235742738,147298.60222264245,6859.361026575033,0.46655254215147524,1.000004768371582
random-1m,1048576,0,22,burli,1048581,19429.050324774365,19249.851200795707,19630.950071100306,51469.319564470956,3.5007840807003934,1.000004768371582
random-1m,1048576,1,22,c-brotli,1048581,67134.10871840031,66264.44794149768,68194.00882546957,14895.557848166041,1.0,1.000004768371582
random-1m,1048576,1,22,mbrotli,1048581,20341.852442948897,20138.592519089983,20570.206142445928,49159.73128822052,3.300294744870742,1.000004768371582
random-1m,1048576,1,22,rust-brotli,1048581,146591.09316786457,145453.8152936606,147848.6752567273,6821.696860223826,0.45796853865823633,1.000004768371582
random-1m,1048576,1,22,burli,1048581,20155.887759424106,19914.359984645656,20416.776024810024,49613.29473232649,3.330744322438044,1.000004768371582
random-1m,1048576,2,22,c-brotli,1048581,65750.69938914562,65230.97064610481,66326.51252905095,15208.963696058932,1.0,1.000004768371582
random-1m,1048576,2,22,mbrotli,1048581,19956.64521759134,19777.795232757235,20163.429067686644,50108.62242109321,3.294676969613502,1.000004768371582
random-1m,1048576,2,22,rust-brotli,1048581,160664.74979245986,159559.69441040914,161865.61336115713,6224.1406487220065,0.4092416007498825,1.000004768371582
random-1m,1048576,2,22,burli,1048581,19890.754436615865,19664.922047018226,20155.986375621538,50274.61392611391,3.30559102716127,1.000004768371582
random-1m,1048576,3,22,c-brotli,1048581,67120.23016513044,66304.00804827739,68090.60944947661,14898.637825582262,1.0,1.000004768371582
random-1m,1048576,3,22,mbrotli,1048581,18917.638055548843,18819.45291594407,19024.257742915426,52860.721674854336,3.548023805511123,1.000004768371582
random-1m,1048576,3,22,rust-brotli,1048581,164280.7560566521,162387.80237058116,166441.82631202773,6087.1402348255,0.40857025360891375,1.000004768371582
random-1m,1048576,3,22,burli,1048581,18749.225695511042,18564.702613310576,19008.03324385608,53335.53589039258,3.5798934449437256,1.000004768371582
random-1m,1048576,4,22,c-brotli,1048581,67961.71028906382,67015.76502124144,68953.70698104534,14714.167665096515,1.0,1.000004768371582
random-1m,1048576,4,22,mbrotli,1048581,20071.7647882005,19861.29416351833,20325.537341793603,49821.22950084915,3.3859359655816696,1.000004768371582
random-1m,1048576,4,22,rust-brotli,1048581,162743.96953758792,161656.66574470955,163870.52248277207,6144.620921078347,0.4175989468744471,1.000004768371582
random-1m,1048576,4,22,burli,1048581,19903.56680366041,19623.402731026243,20305.19597364804,50242.25104296848,3.414549309652638,1.000004768371582
random-1m,1048576,5,22,c-brotli,1048581,68038.68569750138,66942.82233969806,69302.00363207649,14697.520825813417,1.0,1.000004768371582
random-1m,1048576,5,22,mbrotli,1048581,19714.695460960058,19472.287572401576,19987.79823685328,50723.58342943952,3.451165950406624,1.000004768371582
random-1m,1048576,5,22,rust-brotli,1048581,163758.230699595,162458.23904819565,165286.17600681263,6106.5632898442955,0.41548254036961607,1.000004768371582
random-1m,1048576,5,22,burli,1048581,19313.696798785695,19083.093266131717,19587.36145243681,51776.7266628558,3.5228204318594853,1.000004768371582
random-1m,1048576,6,22,c-brotli,1048581,67801.14333224868,67079.0602505548,68605.7472818795,14749.013819717753,1.0,1.000004768371582
random-1m,1048576,6,22,mbrotli,1048581,19848.219218659557,19668.218499053346,20045.308234935863,50382.353650139434,3.4159811812491467,1.000004768371582
random-1m,1048576,6,22,rust-brotli,1048581,168653.8408883236,165952.2932060308,171768.18049353576,5929.30463209648,0.40201363322133954,1.000004768371582
random-1m,1048576,6,22,burli,1048581,19919.42388409346,19494.553962796665,20520.875126845338,50202.25513643214,3.4037702961073535,1.000004768371582
random-1m,1048576,7,22,c-brotli,1048581,67737.60695544974,66871.65938721431,68726.26214655887,14762.848068395579,1.0,1.000004768371582
random-1m,1048576,7,22,mbrotli,1048581,20106.611937728543,19889.930800176837,20336.33782468948,49734.88338547855,3.3689219827406736,1.000004768371582
random-1m,1048576,7,22,rust-brotli,1048581,161735.7411536365,159834.85579649717,163899.15854399468,6182.925263563587,0.4188165613381907,1.000004768371582
random-1m,1048576,7,22,burli,1048581,19925.473431049384,19673.62829690759,20221.900247543228,50187.01329533903,3.3995481808676056,1.000004768371582
random-1m,1048576,8,22,c-brotli,1048581,67048.47471376524,66198.34483318857,67941.99480319403,14914.582386386444,1.0,1.000004768371582
random-1m,1048576,8,22,mbrotli,1048581,20154.031955975624,19923.28384722502,20418.350111445503,49617.86317419737,3.3268020443862363,1.000004768371582
random-1m,1048576,8,22,rust-brotli,1048581,159935.58426986,158968.5941793917,161036.90551640655,6252.517252900366,0.4192217449284711,1.000004768371582
random-1m,1048576,8,22,burli,1048581,19747.952534024953,19631.628988138324,19874.831194123744,50638.161008187504,3.395211457909033,1.000004768371582
random-1m,1048576,9,22,c-brotli,1048581,67092.26679375247,66211.68513285225,68149.81127395519,14904.847425621912,1.0,1.000004768371582
random-1m,1048576,9,22,mbrotli,1048581,20281.797861080635,20029.960830063163,20609.464399507106,49305.29368498099,3.3080039182570635,1.000004768371582
random-1m,1048576,9,22,rust-brotli,1048581,146613.6078175338,145131.5035731523,148215.33911071604,6820.649289556655,0.45761282184155333,1.000004768371582
random-1m,1048576,9,22,burli,1048581,20056.13382165633,19889.183092425043,20243.051962686986,49860.058219207436,3.345224328395096,1.000004768371582
random-1m,1048576,10,22,c-brotli,1048581,66711.90130316775,66154.75323711924,67305.15293670053,14989.829107936339,1.0,1.000004768371582
random-1m,1048576,10,22,mbrotli,1048581,20058.786792690305,19818.63351030597,20322.086404113466,49853.46373811668,3.3258193525182924,1.000004768371582
random-1m,1048576,10,22,rust-brotli,1048581,153185.1929434306,151363.2787443643,155105.1747766023,6528.0460910428055,0.43549836652817764,1.000004768371582
random-1m,1048576,10,22,burli,1048581,19592.725125310353,19459.35298423631,19741.323889006842,51039.352290416,3.4049322325758404,1.000004768371582
random-1m,1048576,11,22,c-brotli,1048581,66325.31565090221,65659.61169095337,67012.13030736614,15077.199259230321,1.0,1.000004768371582
random-1m,1048576,11,22,mbrotli,1048581,20049.348202439378,19873.599361008244,20240.06236436757,49876.9331502922,3.3081033348920785,1.000004768371582
random-1m,1048576,11,22,rust-brotli,1048581,161052.5179489744,159218.24002335212,163457.35953028104,6209.154707639069,0.41182414590944666,1.000004768371582
random-1m,1048576,11,22,burli,1048581,19734.299257990366,19599.053026726997,19897.619666211187,50673.19527928526,3.3609156719384026,1.000004768371582
repeated-1m,1048576,0,22,c-brotli,712,212243.60410268098,210370.33220289246,214393.50756661303,4711.567183509623,1.0,0.00067901611328125
repeated-1m,1048576,0,22,mbrotli,712,53457.11118582475,53179.950625101854,53760.24772883144,18706.585107523926,3.970353043674416,0.00067901611328125
repeated-1m,1048576,0,22,rust-brotli,712,285628.0787346351,281839.63729572296,290945.22356590134,3501.0563542285963,0.7430768187880699,0.00067901611328125
repeated-1m,1048576,0,22,burli,712,52176.38112499656,51774.29414429325,52608.082086743096,19165.76003238603,4.067809984640728,0.00067901611328125
repeated-1m,1048576,1,22,c-brotli,190,365396.4722801383,361933.51809053554,369554.7115276438,2736.753296384675,1.0,0.0001811981201171875
repeated-1m,1048576,1,22,mbrotli,190,40103.73130976883,39850.12036618765,40383.84696615401,24935.33562440388,9.111283672278438,0.0001811981201171875
repeated-1m,1048576,1,22,rust-brotli,190,278842.8647269986,276725.38549603825,281322.80362201855,3586.2491980171376,1.3104028056729373,0.0001811981201171875
repeated-1m,1048576,1,22,burli,190,20795.946217875327,20616.07778641908,20993.290119394544,48086.294777029274,17.570562476549334,0.0001811981201171875
repeated-1m,1048576,2,22,c-brotli,23,1088233.5638039007,1078594.993614355,1098636.8358705966,918.9203800188978,1.0,2.193450927734375e-05
repeated-1m,1048576,2,22,mbrotli,23,15325.047849382807,15139.225722669258,15608.984175619433,65252.65107346947,71.0101250253341,2.193450927734375e-05
repeated-1m,1048576,2,22,rust-brotli,23,1143674.2512668192,1131097.847508818,1159614.8358729077,874.3748483384365,0.951524057307832,2.193450927734375e-05
repeated-1m,1048576,2,22,burli,23,14628.91430464461,14526.797702797014,14749.843864316814,68357.77277624115,74.38922268198617,2.193450927734375e-05
repeated-1m,1048576,3,22,c-brotli,13,1087293.8230877887,1079163.363341194,1096071.784030589,919.714596704059,1.0,1.239776611328125e-05
repeated-1m,1048576,3,22,mbrotli,13,13435.16613047121,13346.659224205738,13532.678730141632,74431.53216631844,80.9289451673981,1.239776611328125e-05
repeated-1m,1048576,3,22,rust-brotli,13,1138274.5744168519,1130348.553841712,1146456.4368574708,878.5226539144203,0.9552122550438403,1.239776611328125e-05
repeated-1m,1048576,3,22,burli,13,12745.15865700818,12672.766712338644,12823.377717461435,78461.16528727008,85.31034036911878,1.239776611328125e-05
repeated-1m,1048576,4,22,c-brotli,13,1069117.6678489924,1061649.6730301885,1077578.2701832438,935.350738344776,1.0,1.239776611328125e-05
repeated-1m,1048576,4,22,mbrotli,13,13204.503665583889,13090.734041812031,13344.828226587577,75731.73708955012,80.96613813933287,1.239776611328125e-05
repeated-1m,1048576,4,22,rust-brotli,13,1155213.463069847,1137873.5716979816,1176034.7104363039,865.640881073715,0.9254719599682772,1.239776611328125e-05
repeated-1m,1048576,4,22,burli,13,12830.480635592125,12708.116376582038,12968.65397239043,77939.4029266504,83.3263926904834,1.239776611328125e-05
repeated-1m,1048576,5,22,c-brotli,13,1079456.469416709,1066975.141660022,1093516.5321468902,926.3921504313706,1.0,1.239776611328125e-05
repeated-1m,1048576,5,22,mbrotli,13,13553.086397561945,13307.219486333586,13841.055204548518,73783.93162017246,79.64654232639523,1.239776611328125e-05
repeated-1m,1048576,5,22,rust-brotli,13,1135312.180119241,1125532.859216705,1146181.8875821407,880.815001821764,0.9508014520757934,1.239776611328125e-05
repeated-1m,1048576,5,22,burli,13,12618.64698961747,12543.461907271465,12706.060667856242,79247.79897740168,85.54454929319108,1.239776611328125e-05
repeated-1m,1048576,6,22,c-brotli,13,1070202.2132107036,1062549.9626765375,1078779.235289381,934.4028517750019,1.0,1.239776611328125e-05
repeated-1m,1048576,6,22,mbrotli,13,13074.063231094291,13000.363401461578,13149.175814667367,76487.31555938028,81.85689439419426,1.239776611328125e-05
repeated-1m,1048576,6,22,rust-brotli,13,1156643.1724820943,1139921.2279297498,1176363.6868349947,864.570875263158,0.9252656641841468,1.239776611328125e-05
repeated-1m,1048576,6,22,burli,13,12831.591663196556,12733.972892048489,12948.897496574826,77932.65451769247,83.40369934621961,1.239776611328125e-05
repeated-1m,1048576,7,22,c-brotli,13,1076545.304917927,1067767.401535947,1086167.6890600412,928.897274858523,1.0,1.239776611328125e-05
repeated-1m,1048576,7,22,mbrotli,13,13100.118638544942,13047.359498792755,13152.399564136722,76335.18654233136,82.17828667218095,1.239776611328125e-05
repeated-1m,1048576,7,22,rust-brotli,13,1125425.552418346,1117930.2848002617,1134162.7783237533,888.5527770816753,0.9565673203390629,1.239776611328125e-05
repeated-1m,1048576,7,22,burli,13,12837.327503962648,12701.348681509597,13009.942528037536,77897.83346193499,83.8605468767247,1.239776611328125e-05
repeated-1m,1048576,8,22,c-brotli,13,1058219.003958007,1052887.53552587,1064691.049240859,944.9839742621771,1.0,1.239776611328125e-05
repeated-1m,1048576,8,22,mbrotli,13,13062.99436326097,13008.913710800769,13126.234083562073,76552.12673232493,81.00891530154802,1.239776611328125e-05
repeated-1m,1048576,8,22,rust-brotli,13,1137145.149239107,1130089.6987436623,1144980.1321016797,879.3952123606433,0.9305927257097201,1.239776611328125e-05
repeated-1m,1048576,8,22,burli,13,12618.32182038254,12554.824501047788,12684.541417948903,79249.84116229204,83.86368797859095,1.239776611328125e-05
repeated-1m,1048576,9,22,c-brotli,13,1057129.8372898956,1051701.2611253725,1062942.7594067273,945.9575964326613,1.0,1.239776611328125e-05
repeated-1m,1048576,9,22,mbrotli,13,13169.518532241951,13049.920008496461,13340.49877908377,75932.92021661797,80.27095559354,1.239776611328125e-05
repeated-1m,1048576,9,22,rust-brotli,13,1131907.0286420386,1124880.64197386,1140374.8233434453,883.464785265722,0.9339369846993052,1.239776611328125e-05
repeated-1m,1048576,9,22,burli,13,12818.733025858437,12626.763185606493,13058.037178729832,78010.82977410965,82.46757578595428,1.239776611328125e-05
repeated-1m,1048576,10,22,c-brotli,14,1059256.5847851136,1054619.2841268212,1063898.9427261248,944.0583276646473,1.0,1.33514404296875e-05
repeated-1m,1048576,10,22,mbrotli,14,13620.647929255483,13567.268827586213,13677.577702733377,73417.94642912122,77.76844319644738,1.33514404296875e-05
repeated-1m,1048576,10,22,rust-brotli,14,1141567.9040816454,1130439.4751331178,1157088.0537559858,875.9881881967133,0.9278962565413499,1.33514404296875e-05
repeated-1m,1048576,10,22,burli,14,12663.245337947943,12543.90057648537,12838.522579630719,78968.69825330639,83.64811361672349,1.33514404296875e-05
repeated-1m,1048576,11,22,c-brotli,14,1064108.1028941434,1057285.4930536635,1072540.5582428442,939.7541446026177,1.0,1.33514404296875e-05
repeated-1m,1048576,11,22,mbrotli,14,13603.47772714053,13542.44696272851,13670.119981021533,73510.61398107655,78.22323998598706,1.33514404296875e-05
repeated-1m,1048576,11,22,rust-brotli,14,1134987.4528593312,1126237.3584672443,1144473.329355054,881.0670086975302,0.9375505431477467,1.33514404296875e-05
repeated-1m,1048576,11,22,burli,14,12598.445818178205,12488.449465777057,12733.51638951621,79374.87007779225,84.46344241594862,1.33514404296875e-05
