suite,corpus,quality,mode,input_bytes,compressed_bytes,pairs,before_ns,after_ns,speedup,speedup_lower,speedup_upper,retained_before,retained_after,retained_delta
primary,alice29,0,cold,152089,65795,16,371928.0693125,368701.832375,1.0086564400869433,1.0005789197941104,1.0173626742203639,139240,139240,0
primary,alice29,1,cold,152089,60292,16,674850.125,678338.6757499999,0.994832662401273,0.9858315305660055,1.004067955953527,1184424,1184424,0
primary,alice29,2,cold,152089,57383,16,1126811.6856875,1117390.8981875,1.0084002803950394,0.9999254859498021,1.017018958041173,1058427,1058427,0
primary,alice29,3,cold,152089,56863,16,1271857.5375,1270499.0915625,1.0010996030287478,0.9931388362076092,1.0072144643921395,1058427,1058427,0
primary,alice29,4,cold,152089,55504,16,1924756.6579375,1925396.2566875,0.9996945852081425,0.9913620984275109,1.0076364587550102,2051625,2051625,0
primary,alice29,5,cold,152089,52809,16,2907143.7788125,2856281.9519375,1.0177274748494514,1.0087052382070876,1.0277900403002092,2867191,2867191,0
primary,alice29,6,cold,152089,51967,16,2921798.9904375,2853925.73075,1.0236653351671303,1.0137556269571484,1.0344848847505714,4178023,4178023,0
primary,alice29,7,cold,152089,51451,16,4609440.609375,4423710.9296875,1.0419846206772996,1.03529607287599,1.0486666594522724,4139272,4139272,0
primary,alice29,8,cold,152089,51187,16,5193980.8359375,4179600.03125,1.242743851595465,1.2287900907882918,1.2567078498383708,6238312,6238312,0
primary,alice29,9,cold,152089,51054,16,4945432.6015625,4876204.5390625,1.0142045794672636,1.010613028602418,1.0174482692790998,11361430,11361430,0
primary,alice29,10,cold,152089,47477,16,41325287.5,40060928.0,1.0315410813230743,1.0230552987044315,1.039768042873752,8667472,8673616,6144
primary,alice29,11,cold,152089,46487,16,109953400.375,105934485.625,1.0379344922888334,1.0314551999629902,1.0443928600937937,13952543,13958687,6144
primary,binary-64k,0,cold,65536,3369,16,11986.3528125,11661.983625,1.0273709563600188,1.012477044982617,1.044563061945099,139240,139240,0
primary,binary-64k,1,cold,65536,3202,16,15946.158,15990.9298125,0.9972214235269088,0.9865971014456036,1.0087088392940418,925208,925208,0
primary,binary-64k,2,cold,65536,2673,16,35057.7785625,34860.453125,1.0057581101884354,0.9928736246967977,1.0171018776538787,666679,666679,0
primary,binary-64k,3,cold,65536,2687,16,40111.871,39983.1750625,1.0031320988604506,0.9885609150322794,1.0171189875110784,666679,666679,0
primary,binary-64k,4,cold,65536,2554,16,57651.853375,57954.326625,0.9948936357113802,0.9811866603440986,1.0087297027787852,1534756,1534756,0
primary,binary-64k,5,cold,65536,1588,16,108520.2593125,110078.50875,0.9862562105206689,0.9356415772784888,1.044341096775004,2351872,2351872,0
primary,binary-64k,6,cold,65536,1588,16,123825.3121875,117598.7055,1.0535131805632312,1.0312030281954414,1.0750195216749088,1876736,1876736,0
primary,binary-64k,7,cold,65536,1588,16,139546.53575,128028.08675,1.088692478940612,1.058860374275772,1.1193002806674834,2384640,2384640,0
primary,binary-64k,8,cold,65536,1588,16,152441.8635,150404.3260625,1.0132007008574908,0.9869516885302921,1.0406243917097382,3433216,3433216,0
primary,binary-64k,9,cold,65536,1349,16,254312.83875,230540.2099375,1.1033454502422144,1.0796422886895816,1.1299014282518531,5530368,5530368,0
primary,binary-64k,10,cold,65536,1063,16,1550539.6370625,1529285.0024375,1.013788129001035,0.9994365745104652,1.028844154298012,3880974,3887118,6144
primary,binary-64k,11,cold,65536,1065,16,2569991.9875625,2529684.7625625,1.01594946884577,1.00823426279193,1.0241466529465415,6097922,6104066,6144
primary,empty,0,cold,0,1,16,26.287875,26.8188125,0.9806329813382912,0.955065899092898,1.004121777453977,0,0,0
primary,empty,1,cold,0,1,16,26.0526875,26.32475,0.9899906556363021,0.972498585607889,1.006620857963592,0,0,0
primary,empty,2,cold,0,1,16,25.7930625,26.1758125,0.9853955725828782,0.9724199920734131,0.9987676407094404,0,0,0
primary,empty,3,cold,0,1,16,25.8693125,26.537937499999998,0.9745972929020922,0.955272398500943,0.9961012932833685,0,0,0
primary,empty,4,cold,0,1,16,26.2515625,26.3134375,0.9971977944081931,0.9770387731651733,1.0213951086559498,0,0,0
primary,empty,5,cold,0,1,16,25.8576875,26.093875,0.9909458398522127,0.9778730253678038,1.0047695041570488,0,0,0
primary,empty,6,cold,0,1,16,25.715,26.373375,0.9751563168401564,0.9632846163680101,0.9859222643591122,0,0,0
primary,empty,7,cold,0,1,16,25.9588125,26.1638125,0.9920501011196978,0.9746966180130365,1.0099867271011556,0,0,0
primary,empty,8,cold,0,1,16,25.7830625,25.95725,0.9931978683975271,0.9786435371902831,1.0098385636553149,0,0,0
primary,empty,9,cold,0,1,16,25.94,25.867125,1.0025874836094357,0.985485649948304,1.0212077845995018,0,0,0
primary,empty,10,cold,0,1,16,25.790875,26.2016875,0.9844507097557101,0.9714514010795929,0.9980026883651762,0,0,0
primary,empty,11,cold,0,1,16,25.692,26.3075,0.9767333497090618,0.9663470240266909,0.9852809552146525,0,0,0
primary,random-1m,0,cold,1048576,1048581,16,73624.7614375,74311.70175000001,0.9913562956941072,0.9662428263357156,1.0150258110013313,139240,139240,0
primary,random-1m,1,cold,1048576,1048581,16,108970.817875,108864.387875,1.0011586628222129,0.9873708673973088,1.0152634469121076,1183248,1183248,0
primary,random-1m,2,cold,1048576,1048581,16,511628.9328125,502405.5348125,1.0176462517341078,0.9753809842723539,1.062038000343986,3608935,3608935,0
primary,random-1m,3,cold,1048576,1048581,16,665677.8379375,667554.0323125,0.9974664552165035,0.9727241051768962,1.024655042249223,3608935,3608935,0
primary,random-1m,4,cold,1048576,1048581,16,1182415.2139375,1179749.4810625,1.0013940244312056,0.9657190489621914,1.0433828982514097,8130487,8130487,0
primary,random-1m,5,cold,1048576,1048581,16,1621921.4096875,1621740.6665625,0.9962757403554725,0.9198136533268114,1.0754245647711238,6623159,6623159,0
primary,random-1m,6,cold,1048576,1048581,16,1868777.549375,1878514.7698125,0.9986146918780981,0.9322208296850711,1.0670123186832632,9244599,9244599,0
primary,random-1m,7,cold,1048576,1048581,16,2713581.483375,2813483.8416875,0.9655336011093459,0.9262688806350169,1.0018876587826577,12390327,12390327,0
primary,random-1m,8,cold,1048576,1048581,16,4617672.9921875,4532340.484375,1.0190267206949375,1.0038133638979383,1.032155940942494,21499831,21499831,0
primary,random-1m,9,cold,1048576,1048581,16,15931296.28125,15810434.90625,1.0075487444473445,0.9943825848007524,1.0209478171122879,40636235,40636235,0
primary,random-1m,10,cold,1048576,1048581,16,130493902.1875,131374529.3125,0.9933184349801443,0.9799552771834084,1.0082197871769591,45649707,45655851,6144
primary,random-1m,11,cold,1048576,1048581,16,159332947.375,161983769.5625,0.9835076586862965,0.966438315636938,1.0010231527916484,55086859,55093003,6144
primary,random-64k,0,cold,65536,65540,16,9487.9265,9328.6963125,1.0170945617392007,1.0027675950411712,1.030551074810624,139240,139240,0
primary,random-64k,1,cold,65536,65540,16,7563.7805625,7626.631,0.9917339943017118,0.9856984853263283,0.9983392461263312,921104,921104,0
primary,random-64k,2,cold,65536,65540,16,31509.7039375,31280.0706875,1.007566549827348,0.9813752141922907,1.038135863277511,659275,659275,0
primary,random-64k,3,cold,65536,65540,16,39535.108374999996,38796.8264375,1.0188038361757932,0.9890816385276698,1.0448199219755743,659275,659275,0
primary,random-64k,4,cold,65536,65540,16,45480.8699375,45468.6310625,1.00033573477272,0.9900972462436802,1.0104494631631953,1511216,1511216,0
primary,random-64k,5,cold,65536,65540,16,92427.713625,91935.3684375,1.0035386680330045,0.9396545808460754,1.073961328112519,2330416,2330416,0
primary,random-64k,6,cold,65536,65540,16,143833.0573125,141299.43243749999,1.0181589231058055,1.0042904762102949,1.0329266746007761,1466160,1466160,0
primary,random-64k,7,cold,65536,65540,16,136435.070375,126941.165625,1.0748967951879513,1.0551659983762371,1.0925830284144216,1515312,1515312,0
primary,random-64k,8,cold,65536,65540,16,130416.71175,121386.3605625,1.0743914456639767,1.0596994515155405,1.0903442879366552,1519408,1519408,0
primary,random-64k,9,cold,65536,65540,16,172025.6804375,158133.479375,1.087628385075888,1.068754100401447,1.105389404965282,1543984,1543984,0
primary,random-64k,10,cold,65536,65540,16,4206395.6944375,4328129.812625,0.9720107193556362,0.9628341985892789,0.981746073650041,3378960,3385104,6144
primary,random-64k,11,cold,65536,65540,16,6005700.875,6116901.7604375,0.9816727521345747,0.9690546085512257,0.9961669262692345,5738224,5744368,6144
primary,repeated-1m,0,cold,1048576,712,16,159479.731,160592.74825,0.9930303669409504,0.9805830460683411,1.0054756758076004,139240,139240,0
primary,repeated-1m,1,cold,1048576,190,16,40039.1038125,40465.0295,0.9894857651516084,0.9789732770953486,1.0018796045652465,1183304,1183304,0
primary,repeated-1m,2,cold,1048576,23,16,122811.85906249999,121760.7908125,1.008520142216856,1.0005755345284295,1.0175294116165665,3609703,3609703,0
primary,repeated-1m,3,cold,1048576,13,16,122718.1870625,122578.7813125,1.001042839240889,0.9925131051894582,1.011290667006436,3612235,3612235,0
primary,repeated-1m,4,cold,1048576,13,16,220865.38825,220247.510625,1.0025900643682923,0.9888569076944044,1.01658372362566,8145759,8145759,0
primary,repeated-1m,5,cold,1048576,13,16,237443.0540625,234460.544375,1.0126343389477,0.9970797081753224,1.028966540651557,6638431,6638431,0
primary,repeated-1m,6,cold,1048576,13,16,294930.972625,296254.785125,0.9956914823086654,0.9779260857068786,1.0147998249852839,9259871,9259871,0
primary,repeated-1m,7,cold,1048576,13,16,367776.752,366393.5694375,1.0036586201979756,0.9871323084724697,1.0190607441805122,12405599,12405599,0
primary,repeated-1m,8,cold,1048576,13,16,185357.061125,185795.848875,0.9974907141327274,0.9869291492750386,1.0081815868641777,4215711,4215711,0
primary,repeated-1m,9,cold,1048576,13,16,181239.621875,182906.41625,0.9908992722869014,0.973557338605771,1.0118953375474302,6576947,6576947,0
primary,repeated-1m,10,cold,1048576,14,16,5819390.7084375005,4909536.447875,1.1857208886652515,1.1629582674291028,1.2060700655160086,45861395,45867539,6144
primary,repeated-1m,11,cold,1048576,14,16,9398795.984375,7556828.203125,1.243691059591161,1.2289732183727218,1.2582891266045189,55298547,55304691,6144
primary,text-1m,0,cold,1048576,190491,16,3453054.914875,3483156.0795625,0.9913998830321099,0.985196203103995,0.9972994891186187,139240,139240,0
primary,text-1m,1,cold,1048576,138777,16,1333545.67625,1339321.58475,0.9956710005547688,0.9911792659968244,1.0008656847943556,1185600,1185600,0
primary,text-1m,2,cold,1048576,57403,16,1130725.191125,1115642.8,1.0134929884137918,1.0003877138850275,1.0281867726607974,3581995,3581995,0
primary,text-1m,3,cold,1048576,56879,16,1266028.2156875,1266910.16325,0.9993420934932041,0.9914815525085241,1.007431013086651,3581995,3581995,0
primary,text-1m,4,cold,1048576,55915,16,1658451.8949375,1638875.7983125001,1.0118862615145414,1.0010742589084192,1.0236338361175494,8307509,8307509,0
primary,text-1m,5,cold,1048576,51228,16,2814933.3661875,2787279.5178125,1.0098681306805959,1.0008383316827956,1.0184260205984623,7837624,7837624,0
primary,text-1m,6,cold,1048576,50823,16,3090997.22125,3095446.6296875,0.9985954454066773,0.9888689591962381,1.0079268274180169,10459064,10459064,0
primary,text-1m,7,cold,1048576,50580,16,3702339.0375,3685550.63125,1.0043477909850587,0.9866658638771499,1.0216462381776,13606904,13606904,0
primary,text-1m,8,cold,1048576,50473,16,4710902.3984375,4407924.1796875,1.0686390721856587,1.0516838274712246,1.0843583541106576,13541096,13541096,0
primary,text-1m,9,cold,1048576,50608,16,5861564.1979375,5883854.5833125,0.996401468689919,0.9793455022894795,1.0135510518079225,24298804,24298804,0
primary,text-1m,10,cold,1048576,47492,16,46232166.375,45128416.1875,1.0243266048010962,1.0091705473335262,1.0405764491449947,47236171,47242315,6144
primary,text-1m,11,cold,1048576,46491,16,114628663.625,110727982.6875,1.0352382912155969,1.0259747146091793,1.043683654594292,56474927,56481071,6144
primary,tiny-text,0,cold,44,48,16,99.07975,100.5284375,0.9852202654203893,0.9697136300148391,1.0042594501976876,0,0,0
primary,tiny-text,1,cold,44,48,16,1867.0733125,1879.7681875,0.9936577793939239,0.9790811517328596,1.0081816365145406,660456,660456,0
primary,tiny-text,2,cold,44,48,16,1284.7194375,1260.6298125,1.0190238540812993,1.0110960765837043,1.0287834346361993,6300,6300,0
primary,tiny-text,3,cold,44,46,16,2374.9419375,2420.3438125000002,0.9815470796852739,0.9684226851914319,0.994940593683321,8832,8832,0
primary,tiny-text,4,cold,44,48,16,5143.5853125,5284.794125,0.9733646692195943,0.9606727762848671,0.9867830734716309,20724,20724,0
primary,tiny-text,5,cold,44,48,16,5103.429375,5234.2481875,0.9749780126915445,0.9630240217909797,0.9888861970565015,21588,21588,0
primary,tiny-text,6,cold,44,48,16,5191.53525,5233.1338125,0.9919441236688041,0.9816217918949061,1.0024001156704445,21588,21588,0
primary,tiny-text,7,cold,44,48,16,5306.542875,5379.8926875,0.9863377684932245,0.9740825359748573,0.9969049439368804,21588,21588,0
primary,tiny-text,8,cold,44,48,16,5306.7625,5369.2946875,0.9882445405566308,0.9761475266688191,1.0006007144544964,21588,21588,0
primary,tiny-text,9,cold,44,48,16,5330.9410625,5442.4114375,0.9794755801340437,0.9704251497033191,0.9898980044111279,21588,21588,0
primary,tiny-text,10,cold,44,48,16,147648.9535625,147398.1259375,1.0020810360111165,0.9870573742584257,1.0189891670698359,779160,779160,0
primary,tiny-text,11,cold,44,48,16,151581.8804375,151387.073625,1.0010210169471108,0.9909960950656883,1.0141369617487488,780680,780680,0
primary,alice29,0,reused,152089,65795,16,370202.670625,369301.79312499997,1.0024167085718703,0.9926930332370701,1.0103624067417392,139240,139240,0
primary,alice29,1,reused,152089,60292,16,506124.333125,505744.8989375,1.000837125884503,0.9923326993062225,1.0098648168681719,1184424,1184424,0
primary,alice29,2,reused,152089,57383,16,984144.15,964361.2578125,1.0206512022011547,1.0088192263558768,1.0292589295390817,1058427,1058427,0
primary,alice29,3,reused,152089,56863,16,1121427.82675,1119988.3820624999,1.0013396841259858,0.9924130880914955,1.0102588012890008,1058427,1058427,0
primary,alice29,4,reused,152089,55504,16,1640899.95325,1652283.88275,0.9930654518911541,0.9803926111955659,1.0072322378156848,2051625,2051625,0
primary,alice29,5,reused,152089,52809,16,2512898.8583125,2500340.3418125,1.0050148109920076,0.9997319391350686,1.0108040420705657,2867191,2867191,0
primary,alice29,6,reused,152089,51967,16,2848460.375,2829237.0535625,1.0068785392271962,0.993288857198745,1.0215514555174388,4178023,4178023,0
primary,alice29,7,reused,152089,51451,16,3323136.5155625,3292984.9115,1.0090409482210265,0.9929361003265621,1.0275110399956435,12593416,12593416,0
primary,alice29,8,reused,152089,51187,16,3917906.65,3858322.28125,1.015280015552749,1.0012555087502302,1.0321615110592257,6238312,6238312,0
primary,alice29,9,reused,152089,51054,16,4606525.3046875,4575019.8046875,1.0069000245697641,0.9936809247317824,1.0201045917623779,11361430,11361430,0
primary,alice29,10,reused,152089,47477,16,41577396.4375,40295935.9375,1.0317017174243106,1.0213096406203293,1.041667704513326,8667472,8673616,6144
primary,alice29,11,reused,152089,46487,16,110184547.1875,106838370.375,1.031297173722147,1.026951836139351,1.0363239204958616,13952543,13958687,6144
primary,binary-64k,0,reused,65536,3369,16,11997.2386875,11764.557625,1.0198016556111367,1.0055667942461428,1.032609157608449,139240,139240,0
primary,binary-64k,1,reused,65536,3202,16,15872.0745625,15798.8025,1.0046665196960074,0.9947697037842347,1.0156864185375691,925208,925208,0
primary,binary-64k,2,reused,65536,2673,16,32494.54975,32383.6876875,1.0037828964042754,0.9868029940303624,1.0225559104898776,666679,666679,0
primary,binary-64k,3,reused,65536,2687,16,37279.8369375,37544.277875,0.9929863106442101,0.9835598850417342,1.0029718478755776,666679,666679,0
primary,binary-64k,4,reused,65536,2554,16,54663.0309375,55209.7001875,0.9902487247154136,0.9777130045468208,1.0031291730069618,1534756,1534756,0
primary,binary-64k,5,reused,65536,1588,16,107632.73175,102832.6434375,1.047971390340062,0.9858002513437933,1.1107537749433258,2351872,2351872,0
primary,binary-64k,6,reused,65536,1588,16,106280.8611875,100857.0883125,1.0536322657569581,1.0250123068190353,1.0911860253018812,1876736,1876736,0
primary,binary-64k,7,reused,65536,1588,16,101912.8180625,98433.454375,1.03532988993306,0.9945246195158689,1.084741293113163,2384640,2384640,0
primary,binary-64k,8,reused,65536,1588,16,94595.1650625,90565.99725,1.0443158486577406,0.9945532050102426,1.094982886203629,3433216,3433216,0
primary,binary-64k,9,reused,65536,1349,16,140235.883375,137921.7706875,1.0159293682539579,0.9594414862015718,1.0711252381858096,5530368,5530368,0
primary,binary-64k,10,reused,65536,1063,16,1502164.925,1530484.7325,0.9815701256896009,0.9684875255552379,0.994693946476523,3880974,3887118,6144
primary,binary-64k,11,reused,65536,1065,16,2564673.164,2499839.183625,1.0258695503334003,1.012412388310716,1.0391032219793936,6097922,6104066,6144
primary,empty,0,reused,0,1,16,7.5949375,7.53625,1.0082571102793292,0.9898331239506749,1.025769550426976,0,0,0
primary,empty,1,reused,0,1,16,7.6204374999999995,7.5576875,1.0077145427813383,0.9906979402853114,1.025146976619672,0,0,0
primary,empty,2,reused,0,1,16,8.2075625,7.515875,1.0909098283497447,1.072127420199261,1.1118954322379262,0,0,0
primary,empty,3,reused,0,1,16,8.53175,7.7906875,1.0955817365363547,1.057785640279971,1.1346384983858342,0,0,0
primary,empty,4,reused,0,1,16,7.9349375,7.41675,1.0693537960398605,1.0509822213884488,1.086217760266225,0,0,0
primary,empty,5,reused,0,1,16,7.961875,7.2176875,1.1026951008560995,1.0773332843616366,1.127686009952638,0,0,0
primary,empty,6,reused,0,1,16,8.1703125,7.5480625,1.0818892913602427,1.0612400308806136,1.1017265114303278,0,0,0
primary,empty,7,reused,0,1,16,8.254125,7.52025,1.097236918960346,1.079949487638839,1.1150659129723715,0,0,0
primary,empty,8,reused,0,1,16,7.92425,7.4614375,1.0620320162596575,1.0368559997635238,1.0897320606701408,0,0,0
primary,empty,9,reused,0,1,16,8.1460625,7.677,1.061638023266445,1.0269532246840105,1.0919740926328807,0,0,0
primary,empty,10,reused,0,1,16,7.94175,7.527875,1.0546965849383516,1.0308233339759492,1.0775711791800937,0,0,0
primary,empty,11,reused,0,1,16,8.360125,7.559,1.1045018569163452,1.064483170782239,1.1479949164864647,0,0,0
primary,random-1m,0,reused,1048576,1048581,16,73643.067875,73618.5545625,1.0002949113028028,0.9892913640589918,1.0117060381858114,139240,139240,0
primary,random-1m,1,reused,1048576,1048581,16,109216.7813125,106338.0818125,1.0270365276717914,1.0204954089119147,1.0336789925514,1183248,1183248,0
primary,random-1m,2,reused,1048576,1048581,16,448669.9356875,449244.2506875,0.9985380024689121,0.9697940392654474,1.0242477075237906,3608935,3608935,0
primary,random-1m,3,reused,1048576,1048581,16,579861.5764375,586294.5523125,0.9891598624554232,0.9788390342831031,0.9999529881585765,3608935,3608935,0
primary,random-1m,4,reused,1048576,1048581,16,1122269.616875,1113299.4246875,1.0076668700109133,0.9740841715478245,1.0394921982435794,8130487,8130487,0
primary,random-1m,5,reused,1048576,1048581,16,1479101.6774375,1363175.2519375,1.070836921285507,0.990724740339661,1.1787211224974505,6623159,6623159,0
primary,random-1m,6,reused,1048576,1048581,16,1712310.348625,1547628.6706875,1.089805437558194,1.0119753052582532,1.190755089989425,9244599,9244599,0
primary,random-1m,7,reused,1048576,1048581,16,2652835.4961875,2773227.6914375,0.9557831582895846,0.9256417247469555,0.9886938137559588,12390327,12390327,0
primary,random-1m,8,reused,1048576,1048581,16,3194019.0,3093770.4375,1.032283603510559,1.0106193595076576,1.0550598367293234,38342583,38342583,0
primary,random-1m,9,reused,1048576,1048581,16,4605045.4765625,4521239.515625,1.0184342613959034,1.0075594092223938,1.0302402204742904,74256203,74256203,0
primary,random-1m,10,reused,1048576,1048581,16,125905375.8125,127005447.3125,0.9914252085824692,0.9742122945043049,1.0073759470044819,45649707,45655851,6144
primary,random-1m,11,reused,1048576,1048581,16,159800719.875,164815380.5625,0.9699347426173315,0.9427989879030515,0.9958356094457378,55086859,55093003,6144
primary,random-64k,0,reused,65536,65540,16,9378.0235,9162.7391875,1.02363960062015,1.0082312914147729,1.0392981944751172,139240,139240,0
primary,random-64k,1,reused,65536,65540,16,7416.598625,7522.6978125,0.9859229185773767,0.9776236420156839,0.9943936953081723,921104,921104,0
primary,random-64k,2,reused,65536,65540,16,27845.602875,26305.981375,1.056103934124729,0.9984554235807508,1.1178105466658639,659275,659275,0
primary,random-64k,3,reused,65536,65540,16,35475.7964375,36104.958,0.9827013379132452,0.9506512826594685,1.0148007221875237,659275,659275,0
primary,random-64k,4,reused,65536,65540,16,43048.9444375,43874.432625,0.9812027438902251,0.961916470802289,1.0034772573903545,1511216,1511216,0
primary,random-64k,5,reused,65536,65540,16,75027.01775,75791.1283125,0.9874568194639746,0.8980708524292036,1.0822481334015275,2330416,2330416,0
primary,random-64k,6,reused,65536,65540,16,124190.8323125,125863.6308125,0.9870721174423829,0.9625914859052385,1.0059980443403436,1466160,1466160,0
primary,random-64k,7,reused,65536,65540,16,130340.5331875,118227.8320625,1.1023648415508478,1.0858627837707946,1.120964393139457,1515312,1515312,0
primary,random-64k,8,reused,65536,65540,16,119273.788,117462.7808125,1.0155438473163345,0.9874091878838285,1.0407036943137504,1519408,1519408,0
primary,random-64k,9,reused,65536,65540,16,158250.517625,149600.26925,1.057953447218949,1.039126029669989,1.0775478822696882,1543984,1543984,0
primary,random-64k,10,reused,65536,65540,16,4269718.1041875,4332728.3265,0.985581385010652,0.9669268854582688,1.0020939978560002,3378960,3385104,6144
primary,random-64k,11,reused,65536,65540,16,6015904.6771875005,6105488.70825,0.9851458437739989,0.970572650291342,1.0016916233061874,5738224,5744368,6144
primary,repeated-1m,0,reused,1048576,712,16,160120.06725,158785.3013125,1.0082755862756871,0.9987195708338693,1.0193850167901053,139240,139240,0
primary,repeated-1m,1,reused,1048576,190,16,39750.5604375,40107.9280625,0.9911451505881484,0.9792935444118535,1.0017413264511934,1183304,1183304,0
primary,repeated-1m,2,reused,1048576,23,16,47465.550625,47383.3556875,1.001758336468909,0.9889880228462221,1.0143234164892216,3609703,3609703,0
primary,repeated-1m,3,reused,1048576,13,16,48936.2090625,47450.689625,1.031406980587398,1.0129396349979043,1.0487153216326746,3612235,3612235,0
primary,repeated-1m,4,reused,1048576,13,16,146584.2283125,148324.356125,0.9883926105980272,0.9762277074186526,1.0000675876042782,8145759,8145759,0
primary,repeated-1m,5,reused,1048576,13,16,107806.1255,107590.7095,1.002112111262215,0.9886918388261654,1.016436616834316,6638431,6638431,0
primary,repeated-1m,6,reused,1048576,13,16,108581.265,107108.8889375,1.0136158304553609,0.999713415435081,1.0281795061600076,9259871,9259871,0
primary,repeated-1m,7,reused,1048576,13,16,105961.1563125,108208.4673125,0.9791393730664169,0.9669565393495702,0.9922450305273414,12405599,12405599,0
primary,repeated-1m,8,reused,1048576,13,16,103844.0813125,106045.6634375,0.9793324197278387,0.9698489444455495,0.9878003133184088,21058463,21058463,0
primary,repeated-1m,9,reused,1048576,13,16,107100.4791875,106661.5994375,1.0039875641121996,0.9892646121405133,1.021218168600029,40196915,40196915,0
primary,repeated-1m,10,reused,1048576,14,16,5258795.0445625,4384498.392875,1.1995916103719944,1.1846651289223893,1.2138355519981079,45861395,45867539,6144
primary,repeated-1m,11,reused,1048576,14,16,8867584.90625,7094846.53125,1.2501830213039065,1.2333006121291124,1.2677051857712278,55298547,55304691,6144
primary,text-1m,0,reused,1048576,190491,16,3509123.0624375,3520260.4375,0.9966334394507822,0.9847765871259306,1.0109419808218925,139240,139240,0
primary,text-1m,1,reused,1048576,138777,16,1322121.4466875,1334040.1620625,0.9910122462026774,0.9800801886094547,1.0024444027103707,1185600,1185600,0
primary,text-1m,2,reused,1048576,57403,16,1041414.2651875,1020260.53375,1.02072795363679,1.0140299809669364,1.0267659309448387,3581995,3581995,0
primary,text-1m,3,reused,1048576,56879,16,1215513.748125,1200212.64775,1.0128047165573069,1.0009324055463389,1.0242683660081353,3581995,3581995,0
primary,text-1m,4,reused,1048576,55915,16,1593882.7390625,1615147.3965625,0.987059162905801,0.9719221944351655,1.0037134059119044,8307509,8307509,0
primary,text-1m,5,reused,1048576,51228,16,2746186.924125,2748683.23225,0.999171570478114,0.9852541250106671,1.0145254548913727,7837624,7837624,0
primary,text-1m,6,reused,1048576,50823,16,3038631.8439375,3054378.953,0.9947633091490761,0.9785484626240439,1.0109330260709155,10459064,10459064,0
primary,text-1m,7,reused,1048576,50580,16,3510975.75,3524854.96875,0.996155974333067,0.9825104502470527,1.0092679368294235,13606904,13606904,0
primary,text-1m,8,reused,1048576,50473,16,4001243.868,3970740.3055,1.0079925376840007,0.9881655215988302,1.0281878476628439,30383848,30383848,0
primary,text-1m,9,reused,1048576,50608,16,5227624.509,5174886.2410625,1.010179413827677,0.9862239062549893,1.0348084255816412,57918772,57918772,0
primary,text-1m,10,reused,1048576,47492,16,45651102.75,44054421.0,1.036130948947944,1.0241751128313261,1.04994052047633,47236171,47242315,6144
primary,text-1m,11,reused,1048576,46491,16,113837801.0625,111412783.9375,1.0217627998132504,1.0137598217210706,1.030339510923878,56474927,56481071,6144
primary,tiny-text,0,reused,44,48,16,37.620125,37.7515625,0.9964667542282712,0.9792827038715345,1.0155514814148707,0,0,0
primary,tiny-text,1,reused,44,48,16,1700.3525625,1713.8854375,0.9920059834984876,0.9815685055224646,1.003508618777343,660456,660456,0
primary,tiny-text,2,reused,44,48,16,955.8038125,960.1134375,0.9959928222642034,0.9761619128603908,1.0126835987970895,267932,267932,0
primary,tiny-text,3,reused,44,46,16,1943.6748125,1990.5338125,0.9763835101726851,0.961036605050946,0.9929883569371133,270464,270464,0
primary,tiny-text,4,reused,44,48,16,4548.4535625,4687.7885,0.9705653454305848,0.9517971248292066,0.9873479638764822,544500,544500,0
primary,tiny-text,5,reused,44,48,16,4568.3195,4704.3989375,0.970978120336103,0.9564331856840311,0.9877122929851616,21588,21588,0
primary,tiny-text,6,reused,44,48,16,4585.4025625,4674.559125,0.9807733130496932,0.9691610316859282,0.9947534401904351,21588,21588,0
primary,tiny-text,7,reused,44,48,16,4615.16575,4743.7176875000005,0.9728406251449898,0.9673329623065233,0.9781288238114973,21588,21588,0
primary,tiny-text,8,reused,44,48,16,4636.879875,4746.552625,0.9769111136230532,0.9708423994396166,0.9830008226305977,21588,21588,0
primary,tiny-text,9,reused,44,48,16,4766.0775,4889.7963125,0.9747001619752359,0.9637154047551244,0.9854381779265357,21588,21588,0
primary,tiny-text,10,reused,44,48,16,140859.49,139498.01856250002,1.0097237691191197,0.9973729847282585,1.0218233357402555,779160,779160,0
primary,tiny-text,11,reused,44,48,16,147680.77525,148149.829,0.9968515694759579,0.987673293197617,1.0057659653506559,780680,780680,0
primary,alice29,0,writer,152089,65795,16,359081.7418125,361629.1085625,0.9930565939500859,0.9823057899950421,1.0042410208117662,4638233,4638233,0
primary,alice29,1,writer,152089,60292,16,510843.3875,513464.169625,0.9949675979763577,0.9847379807836375,1.0041772302275327,5683417,5683417,0
primary,alice29,2,writer,152089,57383,16,987050.8765625,980355.22275,1.0069575844098315,0.9962116543415622,1.0171254569103565,1074811,1074811,0
primary,alice29,3,writer,152089,56863,16,1150719.24075,1131518.41175,1.0167913257216663,1.0059918286449419,1.0286402355618522,1074811,1074811,0
primary,alice29,4,writer,152089,55504,16,1654074.4426875,1681915.3801250001,0.9834880475014542,0.9718875605490008,0.9956293537275771,2117161,2117161,0
primary,alice29,5,writer,152089,52809,16,2568309.7750625,2504964.6625625,1.0253418390140898,1.00902304399461,1.0422470149064704,2932727,2932727,0
primary,alice29,6,writer,152089,51967,16,2857523.115375,2832330.653875,1.0088016677400389,0.996296425950124,1.0216332153560563,4243559,4243559,0
primary,alice29,7,writer,152089,51451,16,3350005.3958125,3271460.7759375,1.024063110363605,1.0053415763507783,1.0404536952651093,12658952,12658952,0
primary,alice29,8,writer,152089,51187,16,3946290.0764375,3948657.5901875,0.999493108701176,0.9874160523895557,1.0117300683306791,6303848,6303848,0
primary,alice29,9,writer,152089,51054,16,4690677.9375,4713613.0234375,0.9952517194454804,0.9733830157506783,1.0180343578556417,11623574,11623574,0
primary,alice29,10,writer,152089,47477,16,42218852.9375,40760909.3125,1.0357213351610963,1.0167510431116786,1.0532698641533411,8929616,8935760,6144
primary,alice29,11,writer,152089,46487,16,111470382.25,106901085.9375,1.0427579642523674,1.0346859247402782,1.051896703240887,14214687,14220831,6144
primary,binary-64k,0,writer,65536,3369,16,14676.610875,14291.898125,1.027099285864207,1.0121989461832348,1.0418468330942214,4465127,4465127,0
primary,binary-64k,1,writer,65536,3202,16,18976.0789375,18530.6510625,1.0239439858063208,1.0117504585180428,1.0365879110732061,5251095,5251095,0
primary,binary-64k,2,writer,65536,2673,16,33998.4030625,34017.769875,0.9995073827351467,0.9871177144630311,1.0134441563126166,683063,683063,0
primary,binary-64k,3,writer,65536,2687,16,39251.4189375,38657.0646875,1.015308394724697,0.9991469946720716,1.033594670169738,683063,683063,0
primary,binary-64k,4,writer,65536,2554,16,59071.0355625,57956.113437500004,1.0191054349994395,1.0050853616788185,1.0333183380324715,1600292,1600292,0
primary,binary-64k,5,writer,65536,1588,16,91696.3583125,95642.79475,0.9632947668702706,0.9303588901167493,0.9961394507482574,2417408,2417408,0
primary,binary-64k,6,writer,65536,1588,16,95207.8620625,95898.64875,0.9922186010582102,0.9495176081758181,1.0412001375775604,1942272,1942272,0
primary,binary-64k,7,writer,65536,1588,16,98520.0641875,96911.4685625,1.0167982155705353,0.9549482312135934,1.082797025342213,2450176,2450176,0
primary,binary-64k,8,writer,65536,1588,16,99989.835375,92800.84825,1.0765537512570473,1.041197730167309,1.1191922630924527,3498752,3498752,0
primary,binary-64k,9,writer,65536,1349,16,110597.5515625,114749.9219375,0.964851142997215,0.9304639870986993,0.9981224231249245,5792512,5792512,0
primary,binary-64k,10,writer,65536,1063,16,1518868.3364375,1511137.6706875,1.0051390738215864,0.9957151530788503,1.0152587320710378,4143118,4149262,6144
primary,binary-64k,11,writer,65536,1065,16,2530749.6328125,2484093.906,1.018813311408738,1.0078709945342628,1.0299673873953081,6360066,6366210,6144
primary,empty,0,writer,0,1,16,1627.825625,1630.5997499999999,0.9980141038957472,0.982014662994585,1.018562828825821,4194304,4194304,0
primary,empty,1,writer,0,1,16,1688.8056875,1684.85775,1.0023014596471091,0.9897640773109977,1.0162089905443177,4854288,4854288,0
primary,empty,2,writer,0,1,16,1634.0696874999999,1630.53975,1.0020246163036153,0.9936812876170052,1.0107026810268798,282135,282135,0
primary,empty,3,writer,0,1,16,1612.041375,1623.1585,0.9931143803177748,0.9862493005210191,1.0015740319791877,282135,282135,0
primary,empty,4,writer,0,1,16,1605.680375,1613.662,0.9950438603269306,0.9895996998227391,1.0006093815573993,593431,593431,0
primary,empty,5,writer,0,1,16,1607.8520625,1617.43975,0.9940671506248445,0.9891821738203476,0.9987733041923496,69143,69143,0
primary,empty,6,writer,0,1,16,1614.9425625000001,1617.4914375,0.9984416249834964,0.9940065168797162,1.0026090638009384,69143,69143,0
primary,empty,7,writer,0,1,16,1622.1021250000001,1626.871125,0.9970407538413537,0.9916057650066283,1.002681460497781,69143,69143,0
primary,empty,8,writer,0,1,16,1609.0126875,1633.8443125,0.9848745897783234,0.9771258728467156,0.9913995804176444,69143,69143,0
primary,empty,9,writer,0,1,16,1617.50825,1620.3885,0.9982079642755529,0.9936190569788836,1.002653128054632,265751,265751,0
primary,empty,10,writer,0,1,16,1601.8319999999999,1619.29025,0.9892789251554349,0.9800073638664953,0.9964020477676886,298431,298431,0
primary,empty,11,writer,0,1,16,1605.85375,1610.6994375,0.9970215771821774,0.9891736611523055,1.0043241791990474,298431,298431,0
primary,random-1m,0,writer,1048576,1048581,16,191552.9696875,189394.03,1.0112648934466488,1.0032824069162565,1.0200101575393212,7348716,7348716,0
primary,random-1m,1,writer,1048576,1048581,16,219333.708375,222656.2545,0.9851150148587599,0.9714057876308275,1.0005815841535688,8392724,8392724,0
primary,random-1m,2,writer,1048576,1048581,16,505663.15150000004,505299.825875,0.9999308452367837,0.9679846981066453,1.0351568779235243,4542828,4542828,0
primary,random-1m,3,writer,1048576,1048581,16,645899.0038749999,657555.336375,0.9826509736451324,0.960279585600847,1.0075696250941553,4542828,4542828,0
primary,random-1m,4,writer,1048576,1048581,16,1271976.818625,1251771.9555625,1.0159293369421354,0.9910348534814236,1.0407812460809622,9113532,9113532,0
primary,random-1m,5,writer,1048576,1048581,16,1772590.7154375,1862116.7081875,0.9647896763358614,0.8608544793075139,1.0645956380478214,7606204,7606204,0
primary,random-1m,6,writer,1048576,1048581,16,2671134.60625,2712931.84375,0.984018334384458,0.888101106240619,1.0754694878896,10227644,10227644,0
primary,random-1m,7,writer,1048576,1048581,16,2774813.2031875,2735093.7655,1.0099937567946828,0.9549199834710592,1.0729013680120936,13373372,13373372,0
primary,random-1m,8,writer,1048576,1048581,16,3445630.0208125,3336201.9653125,1.0313611459825065,0.9953574193187733,1.0666589238957243,39325628,39325628,0
primary,random-1m,9,writer,1048576,1048581,16,4844098.455375,4810721.9643749995,1.0066613125600015,0.9918130353511118,1.022517243590706,75435856,75435856,0
primary,random-1m,10,writer,1048576,1048581,16,129174914.6875,128785416.125,1.0027799903563352,0.9824345355644117,1.0224757195511516,46829360,46835504,6144
primary,random-1m,11,writer,1048576,1048581,16,158437863.0,158092198.1875,1.0019604697198432,0.980244809181623,1.0290532464717963,56266512,56272656,6144
primary,random-64k,0,writer,65536,65540,16,14555.641562499999,14130.36425,1.030216081311073,1.0089257381013903,1.0499406486507716,4465127,4465127,0
primary,random-64k,1,writer,65536,65540,16,12210.4649375,12368.329125,0.987022509130479,0.9771745348419294,0.9972270062612346,5246991,5246991,0
primary,random-64k,2,writer,65536,65540,16,29120.0495,30062.60125,0.9718438967853296,0.9403798221407664,0.9988587028377008,675659,675659,0
primary,random-64k,3,writer,65536,65540,16,38476.830875,38641.6854375,0.9953810217523701,0.9667140455220622,1.0248604285629004,675659,675659,0
primary,random-64k,4,writer,65536,65540,16,46207.526875,46567.262937499996,0.9923209021666586,0.9798844824076118,1.0039307938681106,1576752,1576752,0
primary,random-64k,5,writer,65536,65540,16,74965.0355625,77668.4125,0.9649199616279328,0.9156722312313267,1.014168099278562,2395952,2395952,0
primary,random-64k,6,writer,65536,65540,16,127476.2458125,128100.1144375,0.99537779894494,0.9771115671648665,1.01203086368233,1531696,1531696,0
primary,random-64k,7,writer,65536,65540,16,133464.7523125,121790.982,1.096081091799376,1.0768917783871046,1.1133797195487092,1580848,1580848,0
primary,random-64k,8,writer,65536,65540,16,124697.750125,119746.065875,1.0412099930644185,1.019353908099186,1.0601841431416326,1584944,1584944,0
primary,random-64k,9,writer,65536,65540,16,164774.799125,155504.5036875,1.0597591360254544,1.0472392417574656,1.0735979087274854,1806128,1806128,0
primary,random-64k,10,writer,65536,65540,16,4295407.7500625,4414314.423625,0.9728215836134332,0.9527847138631457,0.9943489864819124,3641104,3647248,6144
primary,random-64k,11,writer,65536,65540,16,6046994.41675,6064455.8645625,0.9968174282191712,0.9752022366204078,1.016907573619381,6000368,6006512,6144
primary,repeated-1m,0,writer,1048576,712,16,192524.954375,186166.73125,1.0340449567926526,1.0201263244431251,1.049452566725516,6431207,6431207,0
primary,repeated-1m,1,writer,1048576,190,16,68106.722,68152.74,0.9993394654579628,0.9930281321337278,1.00557699916247,7475271,7475271,0
primary,repeated-1m,2,writer,1048576,23,16,61750.981375,61008.933375,1.0122762812906132,1.0022999922838065,1.0209216568507857,3626087,3626087,0
primary,repeated-1m,3,writer,1048576,13,16,60941.61675,61603.018625,0.9892554230205569,0.979914080860514,0.9997196801954087,3628619,3628619,0
primary,repeated-1m,4,writer,1048576,13,16,166999.2475,167917.576875,0.9945470390760973,0.9868531713131837,1.0023589773883244,8211295,8211295,0
primary,repeated-1m,5,writer,1048576,13,16,125931.255625,124643.64675,1.010304699664107,1.0021827347855794,1.0184284107655468,6703967,6703967,0
primary,repeated-1m,6,writer,1048576,13,16,126369.3299375,127041.58575,0.9947311167614997,0.9872566499414179,1.001949655368404,9325407,9325407,0
primary,repeated-1m,7,writer,1048576,13,16,126237.579625,127297.763125,0.9916375906821828,0.9818903844205157,1.0013140836033516,12471135,12471135,0
primary,repeated-1m,8,writer,1048576,13,16,126760.1155625,127447.71475,0.9945732877173151,0.987680023386801,1.0006043781944136,21123999,21123999,0
primary,repeated-1m,9,writer,1048576,13,16,126251.5704375,128434.78031249999,0.9829628216228188,0.9772345962558663,0.9899005654135028,40459059,40459059,0
primary,repeated-1m,10,writer,1048576,14,16,5239982.3839375,4348395.9285,1.2050512471894246,1.1941226886827128,1.2146010058997163,46123539,46129683,6144
primary,repeated-1m,11,writer,1048576,14,16,8910546.34375,7127330.578125,1.2502382299196895,1.2371451659619244,1.2638670499818192,55560691,55566835,6144
primary,text-1m,0,writer,1048576,190491,16,3550412.7556875,3512227.125,1.0108331633701684,0.999735297412822,1.0230701315041193,6490626,6490626,0
primary,text-1m,1,writer,1048576,138777,16,1384325.78225,1393118.9613125,0.993647878302706,0.9809678601769571,1.0050590428061004,7485272,7485272,0
primary,text-1m,2,writer,1048576,57403,16,1067623.6023125001,1052359.2519375,1.0145494925769578,0.9960147940352826,1.0340274598963966,3598379,3598379,0
primary,text-1m,3,writer,1048576,56879,16,1225942.2263125,1228108.012875,0.9981282969870949,0.986259927799115,1.010320214725354,3598379,3598379,0
primary,text-1m,4,writer,1048576,55915,16,1635635.7238750001,1623941.47125,1.0072094209116822,0.9901675325281676,1.025547013412204,8373045,8373045,0
primary,text-1m,5,writer,1048576,51228,16,2783461.2723125,2722893.9823125,1.0224308630423429,1.010773099610475,1.0366371709030149,7903160,7903160,0
primary,text-1m,6,writer,1048576,50823,16,2980378.1153125,3050721.4759375,0.9768117530105225,0.9607941180607448,0.9924781373081276,10524600,10524600,0
primary,text-1m,7,writer,1048576,50580,16,3507802.3239375,3482216.5396875,1.007654353348037,0.992161125487377,1.0223663759655468,13672440,13672440,0
primary,text-1m,8,writer,1048576,50473,16,4031480.645875,3937300.791625,1.0245066566740901,1.0006576582873574,1.0478638383914454,30449384,30449384,0
primary,text-1m,9,writer,1048576,50608,16,5397296.9166875,5357747.072875,1.007169282426483,0.9846635014879377,1.028210859602198,58180916,58180916,0
primary,text-1m,10,writer,1048576,47492,16,45847786.5625,44709601.25,1.02553999783083,1.0048034883665986,1.0465360756468118,47498315,47504459,6144
primary,text-1m,11,writer,1048576,46491,16,114208931.8125,109582428.8125,1.0422091183454747,1.0344314266124053,1.0501935207786572,56737071,56743215,6144
primary,tiny-text,0,writer,44,48,16,1619.3629375,1645.4989375,0.9841153012411059,0.9806331609596164,0.9875811696019512,4194304,4194304,0
primary,tiny-text,1,writer,44,48,16,3293.986125,3330.7675,0.9888044382895893,0.9800602710423147,0.9979823568522574,4854760,4854760,0
primary,tiny-text,2,writer,44,48,16,2530.5359375000003,2579.455125,0.9810317095817057,0.9751541210066581,0.9863289340856034,284316,284316,0
primary,tiny-text,3,writer,44,46,16,3555.283625,3630.743875,0.9792353373993778,0.9725841665406215,0.9853289998240174,286848,286848,0
primary,tiny-text,4,writer,44,48,16,6238.6575625000005,6385.46175,0.9769952599229017,0.970472332655818,0.9835623347629862,610036,610036,0
primary,tiny-text,5,writer,44,48,16,6238.7494375,6468.240875,0.964689672454422,0.9536593916960764,0.9754371610377585,87124,87124,0
primary,tiny-text,6,writer,44,48,16,6264.5120625,6467.3560625,0.9687005109714512,0.9605921839465998,0.9770109848023733,87124,87124,0
primary,tiny-text,7,writer,44,48,16,6361.82975,6566.2316875,0.9688689349777481,0.9579659842106977,0.980088929457041,87124,87124,0
primary,tiny-text,8,writer,44,48,16,6397.08875,6525.01125,0.9804609477272851,0.9721679827601325,0.9887555788449188,87124,87124,0
primary,tiny-text,9,writer,44,48,16,6470.048,6626.5548125,0.9763439811746122,0.969360163897604,0.9838635423673622,283732,283732,0
primary,tiny-text,10,writer,44,48,16,142829.8216875,141989.2256875,1.0059297647294794,0.9953191388353588,1.0171533728758126,1041304,1041304,0
primary,tiny-text,11,writer,44,48,16,148491.819125,149945.5661875,0.9903289266492785,0.9814844096882192,1.0002750493293895,1042824,1042824,0
heldout,brotli-ffi/vendor/brotli/tests/testdata/compressed_file,5,cold,50096,50100,12,106420.05466666666,98706.16466666666,1.0781135915270257,1.0606835324376482,1.0983849738680278,1219200,1219200,0
heldout,brotli-ffi/vendor/brotli/tests/testdata/compressed_file,6,cold,50096,50100,12,102221.06116666667,100500.0475,1.0180193930416699,0.9886443341682987,1.0491168820942123,1224320,1224320,0
heldout,brotli-ffi/vendor/brotli/tests/testdata/compressed_file,7,cold,50096,50100,12,93834.96708333334,88718.72916666667,1.0579714435498917,1.034333104544123,1.0850507193244485,1281664,1281664,0
heldout,brotli-ffi/vendor/brotli/tests/testdata/compressed_file,8,cold,50096,50100,12,91258.73225,83359.51508333333,1.094862668687857,1.0758151439278276,1.1149927515309137,1283712,1283712,0
heldout,brotli-ffi/vendor/brotli/tests/testdata/compressed_file,9,cold,50096,50100,12,112404.55666666667,103233.33166666667,1.0890300186995758,1.0765881218913473,1.1042621188385195,1283712,1283712,0
heldout,brotli-ffi/vendor/brotli/tests/testdata/compressed_file,10,cold,50096,50100,12,3247868.59075,3281103.39375,0.990079342748292,0.9694783420235559,1.0084872993835696,2715040,2721184,6144
heldout,brotli-ffi/vendor/brotli/tests/testdata/compressed_file,11,cold,50096,50100,12,4507476.729166667,4642092.854166667,0.9710044219430013,0.9624759252046214,0.9803091489821038,4518464,4524608,6144
heldout,brotli-ffi/vendor/brotli/tests/testdata/lcet10.txt,5,cold,426754,133991,12,7172769.75,7184350.983333333,0.9984649982946471,0.9828538340918853,1.0122053964873836,4694872,4694872,0
heldout,brotli-ffi/vendor/brotli/tests/testdata/lcet10.txt,6,cold,426754,131169,12,8709722.125,8503873.041666666,1.0237144754190164,0.9953575641097716,1.0540559520515789,5989424,5989424,0
heldout,brotli-ffi/vendor/brotli/tests/testdata/lcet10.txt,7,cold,426754,129087,12,12914792.555583334,11989308.499833334,1.0770701590675775,1.0570188947929358,1.0983645551094512,8310135,8310135,0
heldout,brotli-ffi/vendor/brotli/tests/testdata/lcet10.txt,8,cold,426754,128078,12,12541558.88875,11929831.055666666,1.051041514195403,1.0276047579234966,1.0717513872677726,12500850,12500850,0
heldout,brotli-ffi/vendor/brotli/tests/testdata/lcet10.txt,9,cold,426754,127437,12,14970907.75,14839113.625,1.0088985080362347,0.9991635985315089,1.0199072025850577,22455917,22455917,0
heldout,brotli-ffi/vendor/brotli/tests/testdata/lcet10.txt,10,cold,426754,116022,12,129731158.75,126679460.16666667,1.0241539426415882,1.013145816812181,1.0346629008224755,47359928,47366072,6144
heldout,brotli-ffi/vendor/brotli/tests/testdata/lcet10.txt,11,cold,426754,113416,12,320649942.25,309784156.6666667,1.035063816317638,1.0318223965019115,1.0383281990561868,56118319,56124463,6144
heldout,brotli-ffi/vendor/brotli/tests/testdata/mapsdatazrh,5,cold,285886,167912,12,3249500.9860833334,3265687.03475,0.9952625648834637,0.973263693169209,1.015258536408874,3606582,3606582,0
heldout,brotli-ffi/vendor/brotli/tests/testdata/mapsdatazrh,6,cold,285886,167828,12,3639941.16675,3538814.57575,1.028623947049562,1.0109008735881195,1.0464517091923518,4915868,4915868,0
heldout,brotli-ffi/vendor/brotli/tests/testdata/mapsdatazrh,7,cold,285886,167591,12,6145400.541583333,5674217.958166666,1.0830799615772182,1.064025386530337,1.1013947820119696,7240855,7240855,0
heldout,brotli-ffi/vendor/brotli/tests/testdata/mapsdatazrh,8,cold,285886,167602,12,6755976.444416666,5994335.5693333335,1.1268987050868922,1.104282260342606,1.1505607315598063,11436119,11436119,0
heldout,brotli-ffi/vendor/brotli/tests/testdata/mapsdatazrh,9,cold,285886,166978,12,16005597.708333334,14329759.916666666,1.1170300880138613,1.0893377731148621,1.1478865513791456,38964332,38964332,0
heldout,brotli-ffi/vendor/brotli/tests/testdata/mapsdatazrh,10,cold,285886,160499,12,85583002.41666667,82406312.41666667,1.0385471573922567,1.0292412870510257,1.0482324512358954,48855614,48861758,6144
heldout,brotli-ffi/vendor/brotli/tests/testdata/mapsdatazrh,11,cold,285886,159339,12,220410902.16666666,213768180.25,1.031074631919351,1.0231005714307746,1.0408027173755559,58770905,58777049,6144
heldout,brotli-ffi/vendor/brotli/tests/testdata/plrabn12.txt,5,cold,481861,186038,12,9006152.5625,8920442.895833334,1.00994824986807,0.9946409954115553,1.025078876220135,4953921,4953921,0
heldout,brotli-ffi/vendor/brotli/tests/testdata/plrabn12.txt,6,cold,481861,182408,12,10880024.416583333,10727548.777916666,1.0138686356430435,0.9941862700730395,1.0391274646154884,6245039,6245039,0
heldout,brotli-ffi/vendor/brotli/tests/testdata/plrabn12.txt,7,cold,481861,179659,12,15068753.208333334,14518832.083333334,1.0380305137779637,1.0261008631380961,1.0486428500373335,8558449,8558449,0
heldout,brotli-ffi/vendor/brotli/tests/testdata/plrabn12.txt,8,cold,481861,178163,12,17081613.75,16459375.875,1.0378133113218477,1.0282400779391923,1.0480171771254807,12744669,12744669,0
heldout,brotli-ffi/vendor/brotli/tests/testdata/plrabn12.txt,9,cold,481861,177362,12,22103856.083333332,20728817.916666668,1.0661334399359919,1.0429066170615044,1.0867831966511572,22698392,22698392,0
heldout,brotli-ffi/vendor/brotli/tests/testdata/plrabn12.txt,10,cold,481861,168094,12,144802198.58333334,140291815.58333334,1.0319347177917673,1.0168750529879416,1.0501324882653829,48290909,48297053,6144
heldout,brotli-ffi/vendor/brotli/tests/testdata/plrabn12.txt,11,cold,481861,163267,12,357862292.75,347402812.4166667,1.0300963543576311,1.0265716040719104,1.0337038755535215,56574924,56581068,6144
heldout,brotli-ffi/vendor/brotli/tests/testdata/quickfox_repeated,5,cold,176128,51,12,50047.35283333333,50156.18508333333,0.9980264494080994,0.9754989874193529,1.0210969006769377,2763883,2763883,0
heldout,brotli-ffi/vendor/brotli/tests/testdata/quickfox_repeated,6,cold,176128,51,12,82342.65366666667,82732.03058333333,0.9952821031389678,0.985541831628397,1.0084050475513238,4074603,4074603,0
heldout,brotli-ffi/vendor/brotli/tests/testdata/quickfox_repeated,7,cold,176128,51,12,30693.5215,31154.923833333334,0.985212905232826,0.9704916929250401,1.0012773703493345,1699947,1699947,0
heldout,brotli-ffi/vendor/brotli/tests/testdata/quickfox_repeated,8,cold,176128,51,12,31083.836833333335,31475.759583333333,0.9876812536691272,0.9728856654338736,0.9998539725058426,1716331,1716331,0
heldout,brotli-ffi/vendor/brotli/tests/testdata/quickfox_repeated,9,cold,176128,51,12,30719.522083333333,30531.63125,1.006159302406111,0.9814434002251513,1.0321306179553766,2990160,2990160,0
heldout,brotli-ffi/vendor/brotli/tests/testdata/quickfox_repeated,10,cold,176128,57,12,2002673.5293333333,1991853.86275,1.0053914766222443,0.9893701330171525,1.018943097945702,8352626,8358770,6144
heldout,brotli-ffi/vendor/brotli/tests/testdata/quickfox_repeated,11,cold,176128,57,12,2946455.2305833334,2935212.115333333,1.0037747661703078,0.9862379162508486,1.0238963859212822,14693170,14699314,6144
heldout,brotli-ffi/vendor/brotli/tests/testdata/random_org_10k.bin,5,cold,10000,10004,12,55320.652916666666,55128.29708333334,1.0034372491374035,0.9894568498157792,1.0193413257645152,406092,406092,0
heldout,brotli-ffi/vendor/brotli/tests/testdata/random_org_10k.bin,6,cold,10000,10004,12,55445.79358333333,55624.0075,0.9968862347606335,0.9845300007548465,1.009460195116476,406092,406092,0
heldout,brotli-ffi/vendor/brotli/tests/testdata/random_org_10k.bin,7,cold,10000,10004,12,59079.888,57253.297333333336,1.0319691908852904,1.0194927820075887,1.0466088442974297,520780,520780,0
heldout,brotli-ffi/vendor/brotli/tests/testdata/random_org_10k.bin,8,cold,10000,10004,12,57391.7765,57130.80691666667,1.0046468572881424,0.9901868452363974,1.0186742511045768,520780,520780,0
heldout,brotli-ffi/vendor/brotli/tests/testdata/random_org_10k.bin,9,cold,10000,10004,12,67516.1745,66013.53283333333,1.0230509684582725,1.0070296609768274,1.0379186515738976,520780,520780,0
heldout,brotli-ffi/vendor/brotli/tests/testdata/random_org_10k.bin,10,cold,10000,10004,12,3591874.5605833335,3622351.87125,0.991595030171799,0.9802503019155517,1.002475052730461,1417294,1423182,5888
heldout,brotli-ffi/vendor/brotli/tests/testdata/random_org_10k.bin,11,cold,10000,10004,12,5454496.845333333,5500231.416583333,0.9917968773302239,0.9770181633469341,1.0068737525399698,1762886,1768774,5888
